Aaosphaeria arxii CBS175.79v1.0	Aaoar1_AssemblyScaffolds_Repeatmasked
Abortiporus biennis CCBS521v1.0	Abobi1_AssemblyScaffolds_Repeatmasked
Abortiporus biennis CIRM-BRFM1778v1.0	Abobie1_AssemblyScaffolds_Repeatmasked
Absidia sp. NRRL2977v1.0	Chlpad1_AssemblyScaffolds_Repeatmasked
Absidia repens NRRL1336v1.0	Absrep1_AssemblyScaffolds_Repeatmasked
Achaetomium strumarium CBS333.67v1.0	Achstr1_AssemblyScaffolds_Repeatmasked
Acidomyces richmondensis BFW	Aciri1_iso_AssemblyScaffolds_Repeatmasked
Acidomyces richmondensis BFW	Aciri1_meta_AssemblyScaffolds_Repeatmasked
Acremonium alcalophilum v2.0	Acral2_AssemblyScaffolds_Repeatmasked
Acremonium chrysogenum ATCC11550	Acrchr1_AssemblyScaffolds_Repeatmasked
Agaricostilbum hyphaenes ATCCMYA-4628v1.0	Agahy1_AssemblyScaffolds_Repeatmasked
Agaricus bisporus varbisporus (H97)v2.0	Abisporus_varbisporusH97.v2.maskedAssembly
Agaricus bisporus var.burnettiiJB137-S8	Abisporus_varburnettii.v2.masked
Agrocybe praecox OKM6292v1.0	Agrpra2_AssemblyScaffolds_Repeatmasked
Albatrellus peckianus DAOM52321v1.0	Albpec1_AssemblyScaffolds_Repeatmasked
Aliquandostipite khaoyaiensis CBS118232v1.0	Alikh1_AssemblyScaffolds_Repeatmasked
Alternaria alternata MPI-PUGE-AT-0064v1.0	Altalt1_AssemblyScaffolds_Repeatmasked
Alternaria alternata SRC1lrK2fv1.0	Altal1_AssemblyScaffolds_Repeatmasked
Alternaria rosae MPI-PUGE-AT-0040v1.0	Altro1_AssemblyScaffolds_Repeatmasked
Amanita muscaria Koidev1.0	Amamu1_AssemblyScaffolds_Repeatmasked
Amanita thiersii Skay4041v1.0	Amath1_AssemblyScaffolds_Repeatmasked
Ambrosiozyma philentoma NRRLY-7523	Ambph1_AssemblyScaffolds_Repeatmasked
Amniculicola lignicola CBS123094v1.0	Amnli1_AssemblyScaffolds_Repeatmasked
Amorphotheca resinae v1.0	Amore1_AssemblyScaffolds_Repeatmasked
Amylocorticium subincarnatum OMC1654v1.0	Amysub1_AssemblyScaffolds_Repeatmasked
Amylocystis lapponica SKaAmylap13v1.0	Amylap1_1_AssemblyScaffolds_Repeatmasked
Amylomyces rouxii NRRL5866v1.0	Amyrou1_AssemblyScaffolds_Repeatmasked
Amylostereum chailletii DWAch2v1.0	Amycha1_AssemblyScaffolds_Repeatmasked
Anaeromyces robustus v1.0	Anasp1_AssemblyScaffolds_Repeatmasked
Anomoloma albolutescens O MC1655v1.0	Anoalb1_AssemblyScaffolds_Repeatmasked
Anomoporia myceliosa MJL4413v1.0	Anomyc1_AssemblyScaffolds_Repeatmasked
Anthostoma avocetta NRRL3190v1.0	Antav1_AssemblyScaffolds_Repeatmasked
Antrodia serialis Sig1Antser10v1.0	Antser1_AssemblyScaffolds_Repeatmasked
Antrodia sinuosa LB1v1.0	Antsi1_AssemblyScaffolds_Repeatmasked
Aphanobasidium pseudotsugae OMC1630v1.0	Aphpse1_AssemblyScaffolds_Repeatmasked
Apiosordaria backusii CBS540.89v1.0	Apibac1_AssemblyScaffolds_Repeatmasked
Apiospora montagnei NRRL25634v1.0	Apimo1_AssemblyScaffolds_Repeatmasked
Aplosporella prunicola CBS121.167v1.0	Aplpr1_AssemblyScaffolds_Repeatmasked
Apodospora peruviana CBS118394v1.0	Apope1_AssemblyScaffolds_Repeatmasked
Aporpium caryae L-13461	Elmca1_AssemblyScaffolds_Repeatmasked
Armillaria borealis FPL87.14v1.0	Armbor1_AssemblyScaffolds_Repeatmasked
Armillaria cepistipes B5	Armcep1_AssemblyScaffolds_Repeatmasked
Armillaria ectypa FPL83.16v1.0	Armect1_AssemblyScaffolds_Repeatmasked
Armillaria luteobubalina HWK02v1.0	Armlut1_AssemblyScaffolds_Repeatmasked
Armillaria nabsnona CMW6904v1.0	Armnab1_AssemblyScaffolds_Repeatmasked
Armillaria ostoyae C18/9	Armosto1_AssemblyScaffolds_Repeatmasked
Armillaria tabescens CCBAS213v1.0	Armtab1_AssemblyScaffolds_Repeatmasked
Trametes elegans CIRM-BRFM1663v1.0	Artel1_AssemblyScaffolds_Repeatmasked
Ascobolus immersus RN42v1.0	Ascim1_AssemblyScaffolds_Repeatmasked
Ascochyta rabiei ArDII	Ascra1_AssemblyScaffolds_Repeatmasked
Ascoidea rubescens NRRLY17699v1.0	Ascru1_AssemblyScaffolds_Repeatmasked
Aspergillus acristatulus CBS119.55v1.0	Aspacri1_AssemblyScaffolds_Repeatmasked
Aspergillus aculeatinus CBS121060v1.0	Aspacu1_AssemblyScaffolds_Repeatmasked
Aspergillus aculeatus ATCC16872v1.1	Aspac1_masked_scaffolds
Aspergillus amylovorus CBS600.67v1.0	Aspamy1_AssemblyScaffolds_Repeatmasked
Aspergillus bisporus CBS707.71v1.0	Aspbisp1_AssemblyScaffolds_Repeatmasked
Aspergillus bombycis NRRL26010	Aspbom1_AssemblyScaffolds_Repeatmasked
Aspergillus brasiliensis v1.0	Aspbr1_AssemblyScaffolds_Repeatmasked
Aspergillus brevijanus CBS111.46v1.0	Aspbrev1_AssemblyScaffolds_Repeatmasked
Aspergillus brunneoviolaceus CBS621.78v1.0	Aspbru1_AssemblyScaffolds_Repeatmasked
Aspergillus calidoustus	Aspcal1_AssemblyScaffolds_Repeatmasked
Aspergillus campestris IBT28561v1.0	Aspcam1_AssemblyScaffolds_Repeatmasked
Aspergillus candidus CBS102.13v1.0	Aspcand1_AssemblyScaffolds_Repeatmasked
Aspergillus carbonarius ITEM5010v3	Aspca3_masked_scaffolds
Aspergillus carlsbadensis CBS12389v1.0	Aspcar1_AssemblyScaffolds_Repeatmasked
Aspergillus chevalieri CBS522.65v1.0	Aspchev1_AssemblyScaffolds_Repeatmasked
Aspergillus costaricaensis CBS115574v1.0	Aspcos1_AssemblyScaffolds_Repeatmasked
Aspergillus cristatus GZAAS20.1005	Aspcri1_AssemblyScaffolds_Repeatmasked
Aspergillus desertorum CBS653.73v1.0	Aspdese1_AssemblyScaffolds_Repeatmasked
Aspergillus egyptiacus CBS656.73v1.0	Aspegy1_AssemblyScaffolds_Repeatmasked
Aspergillus ellipticus CBS707.79v1.0	Aspell1_AssemblyScaffolds_Repeatmasked
Aspergillus fijiensis CBS313.89v1.0	Aspfij1_AssemblyScaffolds_Repeatmasked
Aspergillus filifer CBS114510v1.0	Aspfili1_AssemblyScaffolds_Repeatmasked
Aspergillus funiculosus CBS116.56v1.0	Aspfuni1_AssemblyScaffolds_Repeatmasked
Aspergillus glaucus v1.0	Aspgl1_AssemblyScaffolds_Repeatmasked
Aspergillus homomorphus CBS101889v1.0	Asphom1_AssemblyScaffolds_Repeatmasked
Aspergillus ibericus CBS121593v1.0	Aspibe1_AssemblyScaffolds_Repeatmasked
Aspergillus indicus v2.0	Aspind2_1_AssemblyScaffolds_Repeatmasked
Aspergillus indologenus CBS114.80v1.0	Aspind1_AssemblyScaffolds_Repeatmasked
Aspergillus insolitus CBS384.61v1.0	Aspinso1_AssemblyScaffolds_Repeatmasked
Aspergillus japonicus CBS114.51v1.0	Aspjap1_AssemblyScaffolds_Repeatmasked
Aspergillus luchuensis CBS106.47v1.0	Aspfo1_AssemblyScaffolds_Repeatmasked
Aspergillus minisclerotigenes v1.0	Aspmin1_AssemblyScaffolds_Repeatmasked
Aspergillus multicolor v1.0	Aspmul1_1_AssemblyScaffolds_Repeatmasked
Aspergillus neoauricomus CBS112787v1.0	Aspneoa1_AssemblyScaffolds_Repeatmasked
Aspergillus sp. CBS120.55v1.0	Aspne1_AssemblyScaffolds_Repeatmasked
Aspergillus niger (phoenicisCorda)ThomATCC13157v1.0	Aspph1_AssemblyScaffolds_Repeatmasked
Aspergillus niger ATCC1015v4.0	Aspni7_AssemblyScaffolds_Repeatmasked
Aspergillus niger vanTieghemATCC13496v1.0	Aspni_bvT_1_AssemblyScaffolds_Repeatmasked
Aspergillus nomius NRRL13137	Aspnom13137_1_AssemblyScaffolds_Repeatmasked
Aspergillus nomius v1.0	Aspnom1_AssemblyScaffolds_Repeatmasked
Aspergillus novofumigatus IBT16806v1.0	Aspnov1_AssemblyScaffolds_Repeatmasked
Aspergillus novoparasiticus CBS126849v1.0	Aspnovo1_AssemblyScaffolds_Repeatmasked
Aspergillus ochraceoroseus IBT24754v1.0	Aspoch1_AssemblyScaffolds_Repeatmasked
Aspergillus ochraceoroseus SRRC1432	Aspoch1432_1_AssemblyScaffolds_Repeatmasked
Aspergillus olivicola v1.0	Aspoli1_1_AssemblyScaffolds_Repeatmasked
Aspergillus parasiticus CBS117618v1.0	Asppar1_AssemblyScaffolds_Repeatmasked
Aspergillus parvulus CBS136.61v1.0	Aspparv1_AssemblyScaffolds_Repeatmasked
Aspergillus penicillioides CBS540.65v1.0	Asppeni1_AssemblyScaffolds_Repeatmasked
Aspergillus piperis CBS112811v1.0	Asppip1_AssemblyScaffolds_Repeatmasked
Aspergillus rambellii SRRC1468	Aspram1_AssemblyScaffolds_Repeatmasked
Aspergillus recurvatus v1.0	Asprec1_1_AssemblyScaffolds_Repeatmasked
Aspergillus restrictus CBS118.33v1.0	Aspres1_AssemblyScaffolds_Repeatmasked
Aspergillus robustus CBS428.77v1.0	Asprobu1_AssemblyScaffolds_Repeatmasked
Aspergillus roseoglobulosus CBS112800v1.0	Aspros1_AssemblyScaffolds_Repeatmasked
Aspergillus sclerotiicarbonarius CBS121057v1.0	Aspscle1_AssemblyScaffolds_Repeatmasked
Aspergillus sclerotiorum CBS549.65v1.0	Aspsc1_AssemblyScaffolds_Repeatmasked
Aspergillus stella-maris CBS113639v1.0	Aspstel1_1_AssemblyScaffolds_Repeatmasked
Aspergillus stercoraria CBS428.93v1.0	Aspstec1_1_AssemblyScaffolds_Repeatmasked
Aspergillus steynii IBT23096v1.0	Aspste1_AssemblyScaffolds_Repeatmasked
Aspergillus sydowii CBS593.65v1.0	Aspsy1_AssemblyScaffolds_Repeatmasked
Aspergillus taichungensis IBT19404v1.0	Asptaic1_AssemblyScaffolds_Repeatmasked
Aspergillus tritici CBS266.81v1.0	Asptr1_AssemblyScaffolds_Repeatmasked
Aspergillus tubingensis v1.0	Asptu1_AssemblyScaffolds_Repeatmasked
Aspergillus udagawae IFM46973	Aspuda1_AssemblyScaffolds_Repeatmasked
Aspergillus undulatus CBS261.88v1.0	Aspund1_1_AssemblyScaffolds_Repeatmasked
Aspergillus unguis CBS132.55v1.0	Aspung1_AssemblyScaffolds_Repeatmasked
Aspergillus venezuelensis CBS868.97v1.0	Aspven1_AssemblyScaffolds_Repeatmasked
Aspergillus versicolor v1.0	Aspve1_AssemblyScaffolds_Repeatmasked
Aspergillus violaceofuscus CBS115571v1.0	Aspvio1_AssemblyScaffolds_Repeatmasked
Aspergillus welwitschiae CBS139.54bv1.0	Aspwel1_AssemblyScaffolds_Repeatmasked
Aspergillus wentii v1.0	Aspwe1_AssemblyScaffolds_Repeatmasked
Aspergillus zonatus v1.0	Aspzo1_AssemblyScaffolds_Repeatmasked
Atractiella rhizophila v2.0	Atrsp2_AssemblyScaffolds_Repeatmasked
Aulographum hederae v2.0	Aulhe2_AssemblyScaffolds_Repeatmasked
Aureobasidium pullulans var.melanogenumCBS110374	Aurpu_var_mel1_AssemblyScaffolds_Repeatmasked
Aureobasidium pullulans var.namibiaeCBS147.97	Aurpu_var_nam1_AssemblyScaffolds_Repeatmasked
Aureobasidium pullulans var.pullulansEXF-150	Aurpu_var_pul1_AssemblyScaffolds_Repeatmasked
Aureobasidium pullulans var.subglacialeEXF-2481	Aurpu_var_sub1_AssemblyScaffolds_Repeatmasked
Auricularia subglabra v2.0	Aurde3_1_AssemblyScaffolds_Repeatmasked
Auriculariopsis ampla NL-1724v1.0	Auramp1_AssemblyScaffolds_Repeatmasked
Auriscalpium vulgare FP105234-Spv1.0	Aurvu1_AssemblyScaffolds_Repeatmasked
Babjeviella inositovora NRRLY-12698v1.0	Babin1_AssemblyScaffolds_Repeatmasked
Backusella circina FSU941v1.0	Bacci1_AssemblyScaffolds_Repeatmasked
Basidiobolus meristosporus CBS931.73v1.0	Basme2finSC_AssemblyScaffolds_Repeatmasked
Batrachochytrium dendrobatidis JAM81v1.0	Batde5_masked_scaffolds
Baudoinia compniacensis UAMH10762(4089826)v1.0	Bauco1_AssemblyScaffolds_Repeatmasked
Benjaminiella poitrasii RSA903v1.0	Benpoi1_AssemblyScaffolds_Repeatmasked
Biscogniauxia nummularia v1.0	Bisnum1_AssemblyScaffolds_Repeatmasked
Bisporella sp. PMI_857v1.0	Bissp1_AssemblyScaffolds_Repeatmasked
Bjerkandera adusta v1.0	Bjead1_1_AssemblyScaffolds_Repeatmasked
Blakeslea trispora F921v1.0	Blatri_F921_1_AssemblyScaffolds_Repeatmasked
Blakeslea trispora F986v1.0	Blatri_F986_2_AssemblyScaffolds_Repeatmasked
Blastocladiella britannica v1.0	Blabri1_AssemblyScaffolds_Repeatmasked
Blumeria graminis f.sp. hordeiDH14	Blugr2_AssemblyScaffolds_Repeatmasked
Blumeria graminis f.sp. hordeiRace1	BlugrR1_1_AssemblyScaffolds_Repeatmasked
Blumeria graminis f.sp. tritici96224	Blugra1_AssemblyScaffolds_Repeatmasked
Blyttiomyces helicus single-cellv1.0	Blyhe1_AssemblyScaffolds_Repeatmasked
Boeremia exigua MPI-SDFR-AT-0100v1.0	Boeex1_AssemblyScaffolds_Repeatmasked
Boletus edulis BED1v4.0	Boled5_AssemblyScaffolds_Repeatmasked
Boletus edulis Přilbav1.0	Boledp1_AssemblyScaffolds_Repeatmasked
Boliniaceae sp. AZ0804v1.0	Cornip1_AssemblyScaffolds_Repeatmasked
Bombardia bombarda SMH3391-2v1.0	Bombom1_AssemblyScaffolds_Repeatmasked
Boreostereum radiatum TFC1981-005v1.0	Borrad1_AssemblyScaffolds_Repeatmasked
Botryobasidium botryosum v1.0	Botbo1_AssemblyScaffolds_Repeatmasked
Botryozyma mucatilis CBS9042v1.0	Botmuc1_AssemblyScaffolds_Repeatmasked
Byssochlamys spectabilis No.5	Byssp1_AssemblyScaffolds_Repeatmasked
Byssothecium circinans CBS675.92v1.0	Bysci1_AssemblyScaffolds_Repeatmasked
Cadophora sp. DSE1049v1.0	Cadsp1_AssemblyScaffolds_Repeatmasked
Caecomyces churrovis Av1.0	Caecom1_AssemblyScaffolds_Repeatmasked
Calocera cornea v1.0	Calco1_AssemblyScaffolds_Repeatmasked
Calocera viscosa v1.0	Calvi1_AssemblyScaffolds_Repeatmasked
Candida albicans SC5314	Canalb1_AssemblyScaffolds_Repeatmasked
Candida arabinofermentans NRRLYB-2248v1.0	Canar1_AssemblyScaffolds_Repeatmasked
Candida boidinii NRRLY-2332	Canbo1_AssemblyScaffolds_Repeatmasked
Candida tanzawaensis NRRLY-17324v1.0	Canta1_AssemblyScaffolds_Repeatmasked
Candida tenuis NRRLY-1498v1.0	Cante1_masked_genomic_scaffolds
Capronia coronata CBS617.96	Capcor1_AssemblyScaffolds_Repeatmasked
Capronia epimyces CBS606.96	Capep1_AssemblyScaffolds_Repeatmasked
Capronia semiimmersa CBS27337	Capse1_AssemblyScaffolds_Repeatmasked
Catenaria anguillulae PL171v2.0	Catan2_AssemblyScaffolds_Repeatmasked
Caulochytrium protostelioides ATCC52028single-cellv1.0	Caupr_SCcomb_AssemblyScaffolds_Repeatmasked
Caulochytrium protostelioides ATCC52028v1.0	Caupr1_AssemblyScaffolds_Repeatmasked
Cenococcum geophilum 1.58v2.0	Cenge3_AssemblyScaffolds_Repeatmasked
Cercophora caudata CBS606.72v1.0	Cercau1_AssemblyScaffolds_Repeatmasked
Cercophora newfieldiana SMH2532-1v1.0	Cernew1_AssemblyScaffolds_Repeatmasked
Cercophora scortea SMH4131-1v1.0	Cersc1_AssemblyScaffolds_Repeatmasked
Cercospora zeae-maydis v1.0	Cerzm1_AssemblyScaffolds_Repeatmasked
Ceriporia viridans OMC1683v1.0	Cervir1_AssemblyScaffolds_Repeatmasked
Ceriporiopsis subvermispora B	Ceriporiopsis_subvermispora.masked
Cerrena unicolor v1.1	Cerun2_AssemblyScaffolds_Repeatmasked
Chaetomidium fimeti CBS168.71v1.0	Chafi1_AssemblyScaffolds_Repeatmasked
Chaetomium megalocarpum MPI-CAGE-AT-0009v1.0	Chame1_AssemblyScaffolds_Repeatmasked
Chaetosphaeriaceae sp. FL1790v1.0	CodFL1790_1_AssemblyScaffolds_Repeatmasked
Chalara longipes BDJv1.0	Chalo1_AssemblyScaffolds_Repeatmasked
Choanephora cucurbitarum NRRL2744(50)v1.0	Chocucu1_AssemblyScaffolds_Repeatmasked
Choiromyces venosus 120613-1v1.0	Chove1_AssemblyScaffolds_Repeatmasked
Chytridium lagenaria Arg66v1.0	Chylag1_AssemblyScaffolds_Repeatmasked
Chytriomyces hyalinus JEL632v1.0	Chyhya1_AssemblyScaffolds_Repeatmasked
Chytriomyces sp. MP71v1.0	Chytri1_AssemblyScaffolds_Repeatmasked
Circinella umbellata NRRL1351v1.0	Cirumb1_AssemblyScaffolds_Repeatmasked
Citeromyces matritensis NRRLY-2407	Citma1_AssemblyScaffolds_Repeatmasked
Cladochytrium polystomum WB228v1.0	Clapol1_1_AssemblyScaffolds_Repeatmasked
Cladophialophora bantiana CBS173.52	Claba1_AssemblyScaffolds_Repeatmasked
Cladophialophora carrionii CBS160.54	Claca1_AssemblyScaffolds_Repeatmasked
Cladophialophora immunda CBS83496	Claim1_AssemblyScaffolds_Repeatmasked
Cladophialophora psammophila CBS110553	Claps1_AssemblyScaffolds_Repeatmasked
Cladophialophora yegresii CBS114405	Claye1_AssemblyScaffolds_Repeatmasked
Cladorrhinum bulbillosum DJ3v1.0	Clabul1_AssemblyScaffolds_Repeatmasked
Cladosporium sphaerospermum UM843	Clasph1_AssemblyScaffolds_Repeatmasked
Clathrospora elynae CBS161.51v1.0	Clael1_AssemblyScaffolds_Repeatmasked
Clavicorona pyxidata HHB10654v1.0	Clapy1_AssemblyScaffolds_Repeatmasked
Clavulina sp. PMI_390v1.0	ClaPMI390_AssemblyScaffolds_Repeatmasked
Climacocystis borealis CliBor001v1.0	Clibor1_AssemblyScaffolds_Repeatmasked
Clitocybe gibba IJFMA808v1.0	Cligib1_AssemblyScaffolds_Repeatmasked
Clohesyomyces aquaticus v1.0	Cloaq1_AssemblyScaffolds_Repeatmasked
Coccodinium bartschii CBS121709v1.0	Cocba1_AssemblyScaffolds_Repeatmasked
Cochliobolus carbonum 26-R-13v1.0	Cocca1_AssemblyScaffolds_Repeatmasked
Cochliobolus heterostrophus C4v1.0	CocheC4_1_AssemblyScaffolds_Repeatmasked
Cochliobolus heterostrophus C5v2.0	CocheC5_1_assembly_scaffolds_repeatmasked
Cochliobolus heterostrophus C5v2.0	CocheC5_3_AssemblyScaffolds_Repeatmasked
Cochliobolus lunatus m 118v2.0	Coclu2_AssemblyScaffolds_Repeatmasked
Cochliobolus miyabeanus ATCC44560v1.0	Cocmi1_AssemblyScaffolds_Repeatmasked
Cochliobolus sativus ND90Prv1.0	Cocsa1_AssemblyScaffolds_Repeatmasked
Cochliobolus victoriae FI3v1.0	Cocvi1_AssemblyScaffolds_Repeatmasked
Coemansia mojavensis RSA71v1.0	Coemoj1_AssemblyScaffolds_Repeatmasked
Coemansia reversa NRRL1564v1.0	Coere1_AssemblyScaffolds_Repeatmasked
Coemansia spiralis RSA1278v1.0	Coespi1_AssemblyScaffolds_Repeatmasked
Cokeromyces recurvatus NRRL2243v1.0	Cokrec1_AssemblyScaffolds_Repeatmasked
Colletotrichum abscissum IMI504890	Colab1_AssemblyScaffolds_Repeatmasked
Colletotrichum acutatum CBS112980v2.0	Colac2_AssemblyScaffolds_Repeatmasked
Colletotrichum cereale CBS129662v1.0	Colce1_AssemblyScaffolds_Repeatmasked
Colletotrichum chlorophyti NTL11	Colch1_AssemblyScaffolds_Repeatmasked
Colletotrichum costaricense IMI309622	Colco1_AssemblyScaffolds_Repeatmasked
Colletotrichum cuscutae IMI304802	Colcu1_AssemblyScaffolds_Repeatmasked
Colletotrichum higginsianum IMI349063	Colhig2_AssemblyScaffolds_Repeatmasked
Colletotrichum incanum MAFF238712	Colin1_AssemblyScaffolds_Repeatmasked
Colletotrichum lupini CBS109225v1.0	Collu1_AssemblyScaffolds_Repeatmasked
Colletotrichum lupini IMI504893	Collup1_AssemblyScaffolds_Repeatmasked
Colletotrichum melonis CBS134730	Colme1_AssemblyScaffolds_Repeatmasked
Colletotrichum navitas CBS125086v1.0	Colna1_AssemblyScaffolds_Repeatmasked
Colletotrichum orbiculare 104-T	Colorb1_AssemblyScaffolds_Repeatmasked
Colletotrichum orchidophilum IMI309357	Color1_AssemblyScaffolds_Repeatmasked
Colletotrichum paranaense IMI384185	Colpa1_AssemblyScaffolds_Repeatmasked
Colletotrichum phormii CBS102054v1.0	Colph1_AssemblyScaffolds_Repeatmasked
Colletotrichum sp. CBS101611	Colsp1_AssemblyScaffolds_Repeatmasked
Colletotrichum tamarilloi CBS129955	Colta1_AssemblyScaffolds_Repeatmasked
Colletotrichum tofieldiae 0861	Colto1_AssemblyScaffolds_Repeatmasked
Colletotrichum tofieldiae CBS168.49	Coltof1_AssemblyScaffolds_Repeatmasked
Conidiobolus coronatus NRRL28638v1.0	Conco1_AssemblyScaffolds_Repeatmasked
Conidiobolus thromboides FSU785v1.0	Conth1_AssemblyScaffolds_Repeatmasked
Coniella lustricola B22-T-1v1.0	Pilidi1_AssemblyScaffolds_Repeatmasked
Coniochaeta ligniaria NRRL30616v1.0	Conlig1_AssemblyScaffolds_Repeatmasked
Coniochaeta sp. 2T2.1v1.0	Conioc1_AssemblyScaffolds_Repeatmasked
Coniochaeta sp. PMI_546v1.0	ConPMI546_AssemblyScaffolds_Repeatmasked
Coniophora puteana v1.0	Conpu1_AssemblyScaffolds_Repeatmasked
Coniosporium apollinis CBS100218	Conap1_AssemblyScaffolds_Repeatmasked
Conocybe apala SZMC-NL-8967v1.0	Conapa1_AssemblyScaffolds_Repeatmasked
Coprinellus angulatus DOB1924v1.0	Copang1_AssemblyScaffolds_Repeatmasked
Coprinopsis cinerea AmutBmutpab1-1v1.0	Copci_AmutBmut1_AssemblyScaffolds_Repeatmasked
Coprinopsis sclerotiger v1.0	Copscl1_AssemblyScaffolds_Repeatmasked
Cortinarius sp. campbellae TAS5-PSC4363v1.0	Corcam1_AssemblyScaffolds_Repeatmasked
Cortinarius austrovenetus TL2843-KIS7Rv1.0	Coraus1_AssemblyScaffolds_Repeatmasked
Cortinarius glaucopus AT2004276v2.0	Corgl3_AssemblyScaffolds_Repeatmasked
Corynespora cassiicola CCPv1.0	Corca1_AssemblyScaffolds_Repeatmasked
Crassisporium funariophilum DOB1098v1.0	Crafun1_AssemblyScaffolds_Repeatmasked
Crepidotus cesatii CBS511.95v1.0	Creces1_AssemblyScaffolds_Repeatmasked
Cristinia sonorae KKN215v1.0	Crison1_AssemblyScaffolds_Repeatmasked
Cronartium quercuum f.sp. fusiformeG11v1.0	Croqu1_AssemblyScaffolds_Repeatmasked
Crustoderma dryinum OMC1663v1.0	Crudry1_AssemblyScaffolds_Repeatmasked
Cryphonectria parasitica EP155v2.0	Cryphonectria_parasiticav2.nuclearAssembly.masked
Cryptococcus vishniacii v1.0	Cryvi1_AssemblyScaffolds_Repeatmasked
Cryptodiaporthe populea CFL2025v1.0	Crypo1_AssemblyScaffolds_Repeatmasked
Cryptodiaporthe sp. AZ0812v1.0	Crypto1_AssemblyScaffolds_Repeatmasked
Cucurbitaria berberidis CBS394.84v1.0	Cucbe1_AssemblyScaffolds_Repeatmasked
Cunninghamella echinulata NRRL1382v1.0	Cunech1_AssemblyScaffolds_Repeatmasked
Cyberlindnera jadinii NRRLY-1542v1.0	Cybja1_AssemblyScaffolds_Repeatmasked
Cylindrobasidium torrendii FP15055v1.0	Cylto1_AssemblyScaffolds_Repeatmasked
Cylindrocarpon olidum MPI-CAGE-CH-0241v1.0	Cylol1_AssemblyScaffolds_Repeatmasked
Cyphellophora europaea CBS101466	Cypeu1_AssemblyScaffolds_Repeatmasked
Cystobasidium minutum MCA4210v1.0	Rhomi1_AssemblyScaffolds_Repeatmasked
Cystostereum murrayi CysMur001v1.0	Cysmur1_AssemblyScaffolds_Repeatmasked
Cytidiella melzeri FP102339v1.0	Cytmel1_AssemblyScaffolds_Repeatmasked
Cytospora chrysosperma CFL2056v1.0	Cytch1_AssemblyScaffolds_Repeatmasked
Dacrymyces sp. OMC1656v1.0	Dactor1_AssemblyScaffolds_Repeatmasked
Dacryonaema rufum OMC1653v1.0	Dacruf1_AssemblyScaffolds_Repeatmasked
Dacryopinax primogenitus DJM731SSP1v1.0	Dacsp1_AssemblyScaffolds_Repeatmasked
Dactylonectria estremocensis MPI-CAGE-AT-0021v1.0	Daces1_AssemblyScaffolds_Repeatmasked
Dactylonectria macrodidyma MPI-CAGE-AT-0147v1.0	Dacma1_AssemblyScaffolds_Repeatmasked
Daedalea quercina v1.0	Daequ1_AssemblyScaffolds_Repeatmasked
Daldinia eschscholzii EC12v1.0	DalEC12_1_AssemblyScaffolds_Repeatmasked
Dekkera bruxellensis CBS2499v2.0	Dekbr2_AssemblyScaffolds_Repeatmasked
Delitschia confertaspora ATCC74209v1.0	Delco1_AssemblyScaffolds_Repeatmasked
Delphinella strobiligena CBS735.71v1.0	Delst1_AssemblyScaffolds_Repeatmasked
Dendrothele bispora CBS962.96v1.0	Denbi1_AssemblyScaffolds_Repeatmasked
Dendrothele microspora FP101998v1.0	Denmi1_AssemblyScaffolds_Repeatmasked
Dendryphion nanum MPI-CAGE-CH-0243v1.0	Denna1_AssemblyScaffolds_Repeatmasked
Dichomitus squalens LYAD-421SS1v1.0	Dicsq1_AssemblyScaffolds_Repeatmasked
Dichotomocladium elegans RSA919-v1.0	Dicele1_AssemblyScaffolds_Repeatmasked
Didymella exigua CBS183.55v1.0	Didex1_AssemblyScaffolds_Repeatmasked
Didymocrea sadasivanii CBS438.65v1.0	Didsa1_AssemblyScaffolds_Repeatmasked
Dimargaris cristalligena RSA468single-cellv1.0	DimcrSC1_AssemblyScaffolds_Repeatmasked
Dioszegia cryoxerica v1.0	Diocr1_AssemblyScaffolds_Repeatmasked
Dissoconium aciculare v1.0	Disac1_AssemblyScaffolds_Repeatmasked
Dissophora ornata CBS347.77v1.0	Disorn1_AssemblyScaffolds_Repeatmasked
Dothidotthia symphoricarpi v1.0	Dotsy1_AssemblyScaffolds_Repeatmasked
Dothistroma septosporum NZE10v1.0	Dotse1_AssemblyScaffolds_Repeatmasked
Earliella scabrosa CIRM-BRFM1817v1.0	Earsca1_AssemblyScaffolds_Repeatmasked
Echinodontium tinctorium Aho-80v1.0	Echtin1_AssemblyScaffolds_Repeatmasked
Elytroderma deformans CBS183.68v1.0	Elyde1_AssemblyScaffolds_Repeatmasked
Endocarpon pusillum Z07020	EndpusZ1_AssemblyScaffolds_Repeatmasked
Entoleuca mammata CFL468v1.0	Entma1_AssemblyScaffolds_Repeatmasked
Entophlyctis helioformis JEL805v1.0	Enthel1_AssemblyScaffolds_Repeatmasked
Epithele typhae CBS203.58v1.0	Epityp1_AssemblyScaffolds_Repeatmasked
Erysiphe necator c	Erynec1_AssemblyScaffolds_Repeatmasked
Eurotiomycetes sp. JF03-3FGoopyv1.0	EurotioJF033F_1_AssemblyScaffolds_Repeatmasked
Eurotiomycetes sp. JF03-4FSlimyv1.0	EurotioJF034F_1_AssemblyScaffolds_Repeatmasked
Eurotium rubrum v1.0	Eurhe1_AssemblyScaffolds_Repeatmasked
Exidia glandulosa v1.0	Exigl1_AssemblyScaffolds_Repeatmasked
Exobasidium maculosum A7-4v1.0	Exomac1_AssemblyScaffolds_Repeatmasked
Exobasidium vaccinii MPITMv1.0	Exova1_AssemblyScaffolds_Repeatmasked
Exophiala alcalophila ATCC48519v1.0	Exoalc1_AssemblyScaffolds_Repeatmasked
Exophiala alcalophila J33v1.0	Exoalc1_J33_AssemblyScaffolds_Repeatmasked
Exophiala aquamarina CBS119918	Exoaq1_AssemblyScaffolds_Repeatmasked
Exophiala dermatitidis UT8656	Exode1_AssemblyScaffolds_Repeatmasked
Exophiala mesophila CBS40295	Exome1_AssemblyScaffolds_Repeatmasked
Exophiala oligosperma CBS72588	Exool1_AssemblyScaffolds_Repeatmasked
Exophiala sideris CBS121828	Exosi1_AssemblyScaffolds_Repeatmasked
Exophiala spinifera CBS89968	Exosp1_AssemblyScaffolds_Repeatmasked
Exophiala xenobiotica CBS118157	Exoxe1_AssemblyScaffolds_Repeatmasked
Fenestella fenestrata ATCC66461v1.0	Fenfe1_AssemblyScaffolds_Repeatmasked
Fennellomyces sp. T-0311v1.0	Fenlin1_AssemblyScaffolds_Repeatmasked
Fibularhizoctonia sp. CBS109695v1.0	Fibsp1_AssemblyScaffolds_Repeatmasked
Fimicolochytrium jonesii JEL569v1.0	Fimjon1_AssemblyScaffolds_Repeatmasked
Fistulina hepatica v1.0	Fishe1_AssemblyScaffolds_Repeatmasked
Flagelloscypha sp. PMI_526v1.0	FlaPMI526_1_AssemblyScaffolds_Repeatmasked
Flavodon flavus 38v1.0	Flafl1_AssemblyScaffolds_Repeatmasked
Fomes fomentarius CIRM-BRFM1821v1.0	Fomfom1_AssemblyScaffolds_Repeatmasked
Fomitiporia mediterranea v1.0	Fomme1_AssemblyScaffolds_Repeatmasked
Fomitopsis betulina CIRM-BRFM1772v1.1	Pipbet1_1_AssemblyScaffolds_Repeatmasked
Fomitopsis pinicola FP-58527SS1v3.0	Fompi3_AssemblyScaffolds_Repeatmasked
Fomitopsis rosea Sig1Fomros20-ssv1.0	Fomro1_AssemblyScaffolds_Repeatmasked
Fonsecaea monophora CBS269.37	Fonmo1_AssemblyScaffolds_Repeatmasked
Fonsecaea multimorphosa CBS102226	Fonmu1_AssemblyScaffolds_Repeatmasked
Fonsecaea nubica CBS269.64	Fonnu1_AssemblyScaffolds_Repeatmasked
Fonsecaea pedrosoi CBS271.37	Fonpe1_AssemblyScaffolds_Repeatmasked
Fusarium commune MPI-SDFR-AT-0072v1.0	Fusco1_AssemblyScaffolds_Repeatmasked
Fusarium equiseti MPI-CAGE-AA-0113v1.0	Fuseq1_AssemblyScaffolds_Repeatmasked
Fusarium oxysporum MPI-CAGE-CH-0212v1.0	Fusoxys1_AssemblyScaffolds_Repeatmasked
Fusarium oxysporum MPI-SDFR-AT-0094v1.0	Fusoxy1_AssemblyScaffolds_Repeatmasked
Fusarium oxysporum f.sp. pisiT415v1.0	FusoxT415_AssemblyScaffolds_Repeatmasked
Fusarium pseudograminearum CS3096	Fusps1_AssemblyScaffolds_Repeatmasked
Fusarium redolens MPI-CAGE-AT-0023v1.0	Fusre1_AssemblyScaffolds_Repeatmasked
Fusarium solani MPI-SDFR-AT-0091v1.0	Fusso1_AssemblyScaffolds_Repeatmasked
Fusarium sp. FSSC10v1.0	FusspF10_1_AssemblyScaffolds_Repeatmasked
Fusarium sp. FSSC23v1.0	FusspF23_1_AssemblyScaffolds_Repeatmasked
Fusarium tricinctum MPI-SDFR-AT-0044v1.0	Fustri1_AssemblyScaffolds_Repeatmasked
Fusarium tricinctum MPI-SDFR-AT-0068v1.0	Fustr1_AssemblyScaffolds_Repeatmasked
Fusarium venenatum MPI-CAGE-CH-0201v1.0	Fusven1_AssemblyScaffolds_Repeatmasked
Gaertneriomyces semiglobifer Barr43v1.0	Gaesem1_AssemblyScaffolds_Repeatmasked
Galerina marginata v1.0	Galma1_AssemblyScaffolds_Repeatmasked
Galzinia incrustans CBS104901v1.0	Galinc1_AssemblyScaffolds_Repeatmasked
Ganoderma sp. 10597SS1v1.0	Gansp1_AssemblyScaffolds_Repeatmasked
Geastrum triplex GST.BSTv1.0	Geatri1_AssemblyScaffolds_Repeatmasked
Gelasinospora tetrasperma v1.0	Gelte1_AssemblyScaffolds_Repeatmasked
Geopyxis carbonaria DOB1671v1.0	Geocar1_AssemblyScaffolds_Repeatmasked
Geranomyces variabilis JEL559v1.0	Gervar1_AssemblyScaffolds_Repeatmasked
Gilbertella persicaria var.persicariaCBS190.32-Tv1.0	Gilper1_AssemblyScaffolds_Repeatmasked
Globomyces pollinis-pini Arg68v1.0	Glopol1_AssemblyScaffolds_Repeatmasked
Gloeopeniophorella convolvens OM19405v1.0	Glocon1_AssemblyScaffolds_Repeatmasked
Gloeophyllum trabeum v1.0	Glotr1_1_AssemblyScaffolds_Repeatmasked
Glomerella acutata (ColletotrichumfiorinaeMH18)v1.0	Gloac1_AssemblyScaffolds_Repeatmasked
Glomerella cingulata 23(Colletotrichumgloeosporoides23)v1.0	Gloci1_AssemblyScaffolds_Repeatmasked
Gloniopsis sp. FL0384v1.0	Glonio1_AssemblyScaffolds_Repeatmasked
Golovinomyces cichoracearum UCSC1v1.0	Golci1_AssemblyScaffolds_Repeatmasked
Gonapodya prolifera v1.0	Ganpr1_AssemblyScaffolds_Repeatmasked
Gongronella butleri v1.0	Gonbut1_AssemblyScaffolds_Repeatmasked
Gorgonomyces haynaldii MP57v1.0	Gorhay1_AssemblyScaffolds_Repeatmasked
Gremmeniella abietina DAOM170408v1.0	Greab1_AssemblyScaffolds_Repeatmasked
Guyanagaster necrorhiza MCA3950v1.0	Guyne1_AssemblyScaffolds_Repeatmasked
Gymnascella aurantiaca v1.0	Gymau1_AssemblyScaffolds_Repeatmasked
Gymnascella citrina v1.1	Gymci1_1_AssemblyScaffolds_Repeatmasked
Gymnopilus chrysopellus PR-1187v1.0	Gymch1_AssemblyScaffolds_Repeatmasked
Gymnopus androsaceus JB14v1.0	Gyman1_AssemblyScaffolds_Repeatmasked
Gymnopus earleae GB-263.02v1.0	Gymear1_AssemblyScaffolds_Repeatmasked
Gymnopus luxurians v1.0	Gymlu1_AssemblyScaffolds_Repeatmasked
Gyrodon lividus BXv1.0	Gyrli1_AssemblyScaffolds_Repeatmasked
Halteromyces radiatus CBS162.75v1.0	Halrad1_AssemblyScaffolds_Repeatmasked
Hanseniaspora valbyensis NRRLY-1626v1.1	Hanva1_1_AssemblyScaffolds_Repeatmasked
Hebeloma cylindrosporum h7v2.0	Hebcy2_AssemblyScaffolds_Repeatmasked
Helicostylum pulchrum RSA2064v1.0	Helpul1_AssemblyScaffolds_Repeatmasked
Hericium coralloides FP-101451v1.0	Hercor1_AssemblyScaffolds_Repeatmasked
Herpotrichia sp. AK1299v1.0	Herpot1_1_AssemblyScaffolds_Repeatmasked
Hesseltinella vesiculosa NRRL3301v2.0	Hesve2finisherSC_AssemblyScaffolds_Repeatmasked
Heterobasidion annosum v2.0	Heterobasidion_annosum.allmasked
Heterodoassansia hygrophilae CBS346.65v1.0	Hethyg1_AssemblyScaffolds_Repeatmasked
Heterogastridium pycnidioideum ATCCMYA-4631v1.0	Hetpy1_AssemblyScaffolds_Repeatmasked
Hexagonia nitida CIRM-BRFM1802v1.0	Hexnit1_AssemblyScaffolds_Repeatmasked
Homolaphlyctis polyrhiza JEL142v1.0	Hompol1_AssemblyScaffolds_Repeatmasked
Hortaea werneckii EXF-2000M0v1.0	Horwer1_AssemblyScaffolds_Repeatmasked
Hyaloraphidium curvatum SAG235-1v1.0	Hyacur1_AssemblyScaffolds_Repeatmasked
Hydnomerulius pinastri v2.0	Hydpi2_AssemblyScaffolds_Repeatmasked
Hygrophoropsis aurantiaca ATCC28755v1.0	Hygaur1_AssemblyScaffolds_Repeatmasked
Hymenoscyphus varicosporoides PMI_453v1.0	Hymvar1_AssemblyScaffolds_Repeatmasked
Hypholoma sublateritium v1.0	Hypsu1_AssemblyScaffolds_Repeatmasked
Hyphopichia burtonii NRRLY-1933 v1.0	Hypbu1_AssemblyScaffolds_Repeatmasked
Hypoxylon sp. CI-4Av1.0	HypCI4A_1_AssemblyScaffolds_Repeatmasked
Hypoxylon sp. CO27-5v1.0	HypCO275_1_AssemblyScaffolds_Repeatmasked
Hypoxylon sp. EC38v3.0	HypEC38_3_AssemblyScaffolds_Repeatmasked
Hysterangium stoloniferum HS.BSTv1.0	Hyssto1_AssemblyScaffolds_Repeatmasked
Ilyonectria europaea MPI-CAGE-AT-0026v1.0	Ilyeu1_AssemblyScaffolds_Repeatmasked
Ilyonectria robusta PMI_751v1.0	Ilyrob1_AssemblyScaffolds_Repeatmasked
Ilyonectria sp. v1.0	Ilysp1_AssemblyScaffolds_Repeatmasked
Irpex lacteus CCBASFr.238617/93v1.0	Irplac1_AssemblyScaffolds_Repeatmasked
Issatchenkia orientalis ATCC32196v2.0	Issori2_AssemblyScaffolds_Repeatmasked
Issatchenkia orientalis ATCCPTA-6658v2.0	Isori2_AssemblyScaffolds_Repeatmasked
Issatchenkia orientalis SD108v2.0	Issorie2_AssemblyScaffolds_Repeatmasked
Jaapia argillacea v1.0	Jaaar1_AssemblyScaffolds_Repeatmasked
Jahnula aquatica CBS123560v1.0	Jahaq1_AssemblyScaffolds_Repeatmasked
Karstenula rhodostoma CBS690.94v1.0	Karrh1_AssemblyScaffolds_Repeatmasked
Kickxella alabastrina RSA675v1.0	Kicala1_AssemblyScaffolds_Repeatmasked
Kockovaella imperatae NRRLY-17943v1.0	Kocim1_AssemblyScaffolds_Repeatmasked
Kuraishia capsulata CBS1993	Kurca1_AssemblyScaffolds_Repeatmasked
Laccaria amethystina LaAM-08-1v2.0	Lacam2_AssemblyScaffolds_Repeatmasked
Laccaria bicolor v2.0	Lacbi2_AssemblyScaffolds_Repeatmasked
Lachnellula subtilissima CBS196.66v1.0	Lacsu1_AssemblyScaffolds_Repeatmasked
Lactarius akahatsu QPv1.0	Lacaka1_AssemblyScaffolds_Repeatmasked
Lactarius deliciosus 48v1.0	Lacdel1_AssemblyScaffolds_Repeatmasked
Lactarius hatsudake 109v1.0	Lachat1_AssemblyScaffolds_Repeatmasked
Lactarius hengduanensis 84v1.0	Lachen1_AssemblyScaffolds_Repeatmasked
Lactarius psammicola BPL869v1.0	Lacpsa1_AssemblyScaffolds_Repeatmasked
Lactarius pseudohatsudake 88v1.0	Lacpse1_AssemblyScaffolds_Repeatmasked
Lactarius sanguifluus B21v1.0	Lacsan1_AssemblyScaffolds_Repeatmasked
Lactarius vividus 141v1.0	Lacviv1_AssemblyScaffolds_Repeatmasked
Lactifluus subvellereus BPL653v1.0	Lacsub1_AssemblyScaffolds_Repeatmasked
Lactifluus volemus BPL652v1.0	Lacvol1_AssemblyScaffolds_Repeatmasked
Laetiporus sulphureus var.sulphureusv1.0	Laesu1_AssemblyScaffolds_Repeatmasked
Lasiosphaeria miniovina SMH2392-1Av1.0	Lasmin1_AssemblyScaffolds_Repeatmasked
Lasiosphaeria ovina CBS958.72v1.0	Lasov1_AssemblyScaffolds_Repeatmasked
Lasiosphaeriaceae sp. AZ0830v1.0	Bombar1_AssemblyScaffolds_Repeatmasked
Lasiosphaeris hirsuta SMH4607-1v1.0	Lashir1_AssemblyScaffolds_Repeatmasked
Lasiosphaeris hispida CBS955.72v1.0	Lashi1_AssemblyScaffolds_Repeatmasked
Laxitextum bicolor CBS258.73v1.0	Laxbic1_AssemblyScaffolds_Repeatmasked
Lecythophora sp. AK0013v1.0	LecAK0013_1_AssemblyScaffolds_Repeatmasked
Leiotrametes lactinea CIRM-BRFM1664v1.0	Tralac1_AssemblyScaffolds_Repeatmasked
Leiotrametes menziesii CIRM-BRFM1781v1.0	Tramen1_AssemblyScaffolds_Repeatmasked
Lentinula lateritia sp3TMI1502v1.0	Lenafn_TMI1502_1_AssemblyScaffolds_Repeatmasked
Lentinula lateritia sp2HRB7682ss15v1.0	Lenafn1_AssemblyScaffolds_Repeatmasked
Lentinula edodes B17v1.1	Lened_B_1_1_AssemblyScaffolds_Repeatmasked
Lentinula edodes Le(Bin)0899ss11v1.0	Lenedo1_AssemblyScaffolds_Repeatmasked
Lentinula edodes W1-26v1.0	Lentinedodes1_AssemblyScaffolds_Repeatmasked
Lentinula lateritia RHP3577ss4v1.0	Lenlat1_AssemblyScaffolds_Repeatmasked
Lentinula novae-zelandiae TMI-1172v1.0	Lennov1_AssemblyScaffolds_Repeatmasked
Lentinula raphanica INPA1701Gss19v1.0	Lenrap1_AssemblyScaffolds_Repeatmasked
Lentinula raphanica TFB8682v1.0	Lenra_T_1_AssemblyScaffolds_Repeatmasked
Lentinula raphanica TFB9929ss4v1.0	Lenrap1_155_AssemblyScaffolds_Repeatmasked
Lentinus tigrinus ALCF2SS1-6v1.0	Lenti6_1_AssemblyScaffolds_Repeatmasked
Lentinus tigrinus ALCF2SS1-7v1.0	Lenti7_1_AssemblyScaffolds_Repeatmasked
Lentinus tigrinus v1.0	Sisbr1_AssemblyScaffolds_Repeatmasked
Lentithecium fluviatile v1.0	Lenfl1_AssemblyScaffolds_Repeatmasked
Leotiomycetes sp. MPI-SDFR-AT-0126v1.0	Phimu1_AssemblyScaffolds_Repeatmasked
Lepidopterella palustris v1.0	Leppa1_AssemblyScaffolds_Repeatmasked
Leptodontidium orchidicola MPI-SDFR-AT-0119v2.0	Lepor2_AssemblyScaffolds_Repeatmasked
Leptoporus mollis OMC1684v1.0	8859348-Lepmol1_AssemblyScaffolds_Repeatmasked
Leptoporus mollis OMC1684v1.0	8922922-Lepmol1_AssemblyScaffolds_Repeatmasked
Leucogyrophana mollusca KUC20120723A-06v1.0	Leumo1_AssemblyScaffolds_Repeatmasked
Leucosporidiella creatinivora 62-1032v1.0	Leucr1_AssemblyScaffolds_Repeatmasked
Lichtheimia corymbifera JMRC	Liccor1_AssemblyScaffolds_Repeatmasked
Lichtheimia hyalospora v1.0	Lichy1_AssemblyScaffolds_Repeatmasked
Linderina pennispora ATCC12442v1.0	Linpe1_AssemblyScaffolds_Repeatmasked
Lindra thalassiae JK4322v1.0	Linth1_AssemblyScaffolds_Repeatmasked
Lipomyces starkeyi NRRLY-11557v1.0	Lipst1_1_AssemblyScaffolds_Repeatmasked
Lobaria pulmonaria Africa extractedmetagenomev1.0	LobpulAf1_AssemblyScaffolds_Repeatmasked
Lobaria pulmonaria Scotland extractedmetagenomev1.0	LobpulSc1_AssemblyScaffolds_Repeatmasked
Lobaria pulmonaria Scotland referencegenomev1.0	Lobpul1_AssemblyScaffolds_Repeatmasked
Lobaria pulmonaria Spain extractedmetagenomev1.0	LobpulSp1_AssemblyScaffolds_Repeatmasked
Lobaria pulmonaria Switzerlande xtractedmetagenomev1.0	LobpulSw1_AssemblyScaffolds_Repeatmasked
Lobosporangium transversale NRRL3116v1.0	Lobtra1_AssemblyScaffolds_Repeatmasked
Lodderomyces elongisporus NRRLYB-4239	Lodelo1_AssemblyScaffolds_Repeatmasked
Lophiostoma macrostomum v1.0	Lopma1_AssemblyScaffolds_Repeatmasked
Lophiotrema nucula CBS627.86v1.0	Lopnu1_AssemblyScaffolds_Repeatmasked
Lophium mytilinum CBS269.34v1.0	Lopmy1_AssemblyScaffolds_Repeatmasked
Lophodermium nitens PLMe3-1-3v1.0	Lopnit1_1_AssemblyScaffolds_Repeatmasked
Lycoperdon perlatum FP-102459-Tv1.0	Lycper1_AssemblyScaffolds_Repeatmasked
Macrolepiota fuliginosa MF-IS2v1.0	Macfu1_AssemblyScaffolds_Repeatmasked
Macrophomina phaseolina MPI-SDFR-AT-0080v1.0	Macpha1_AssemblyScaffolds_Repeatmasked
Macroventuria anomochaeta CBS525.71v1.0	Macan1_AssemblyScaffolds_Repeatmasked
Malassezia globosa	Malassezia_globosa.masked
Mariannaea sp. PMI_226v1.0	MarPMI226_AssemblyScaffolds_Repeatmasked
Martensiomyces pterosporus CBS209.56v1.0	Marpt1_AssemblyScaffolds_Repeatmasked
Massariosphaeria phaeospora CBS611.86v1.0	Masph1_AssemblyScaffolds_Repeatmasked
Melampsora americana R15-033-03v1.0	Melame1_AssemblyScaffolds_Repeatmasked
Melampsora medusae f .sp. DeltoidaeMmd05TRE539v1.0	Melmed1_AssemblyScaffolds_Repeatmasked
Melampsora medusae f .sp. tremuloidaeMmt05Ida529v1.0	Melme_tre1_AssemblyScaffolds_Repeatmasked
Melanconium sp. NRRL54901v1.0	Melsp1_AssemblyScaffolds_Repeatmasked
Melanogaster broomeianus MBLB.BSTv1.0	Melbro1_AssemblyScaffolds_Repeatmasked
Melanomma pulvis-pyrius v1.0	Melpu1_AssemblyScaffolds_Repeatmasked
Melanops tulasnei CBS116805v1.0	Meltu1_AssemblyScaffolds_Repeatmasked
Meliniomyces bicolor Ev2.0	Melbi2_AssemblyScaffolds_Repeatmasked
Meliniomyces variabilis Fv1.0	Melva1_AssemblyScaffolds_Repeatmasked
Meripilus sumstinei FP105329v1.0	Mersum1_AssemblyScaffolds_Repeatmasked
Metarhizium robertsii ARSEF23	Metro1_AssemblyScaffolds_Repeatmasked
Metschnikowia bicuspidata NRRLYB-4993v1.0	Metbi1_AssemblyScaffolds_Repeatmasked
Metschnikowia bicuspidata single-cellv1.0	Metbi_SCcomb_AssemblyScaffolds_Repeatmasked
Metschnikowia fructicola 277	Metfru2_AssemblyScaffolds_Repeatmasked
Meyerozyma guilliermondii ATCC6260	Meygui1_AssemblyScaffolds_Repeatmasked
Microbotryum lychnidis-dioicae p1A1Lamole	Micld1_AssemblyScaffolds_Repeatmasked
Microdiplodia sp. AK1800v1.0	Microd1_AssemblyScaffolds_Repeatmasked
Microdochium bolleyi J235TASD1v1.0	Micbo1_AssemblyScaffolds_Repeatmasked
Microdochium trichocladiopsis MPI-CAGE-CH-0230v1.0	Mictri1_AssemblyScaffolds_Repeatmasked
Mixia osmundae IAM14324v1.0	Mixos1_AssemblyScaffolds_Repeatmasked
Moesziomyces aphidis DSM70725	Moeaph1_AssemblyScaffolds_Repeatmasked
Monascus purpureus v1.0	Monpu1_AssemblyScaffolds_Repeatmasked
Monascus ruber NRRL1597v1.0	Monru1_AssemblyScaffolds_Repeatmasked
Moniliella sp. MCA3643v1.0	Monili2_AssemblyScaffolds_Repeatmasked
Morchella importuna CCBAS932v1.0	Morco1_AssemblyScaffolds_Repeatmasked
Morchella snyderi DOB2414v1.0	Morsny1_AssemblyScaffolds_Repeatmasked
Mortierella elongata AG-77v2.0	Morel2_AssemblyScaffolds_Repeatmasked
Mortierella elongata MPI-CAGE-AA-0104v1.0	Morel_U14_1_AssemblyScaffolds_Repeatmasked
Mortierella humilis PMI_1414-Glomeribacterphylotype2FungalStandardDraft	Morhum1_AssemblyScaffolds_Repeatmasked
Mortierella minutissima AD051Glomeribacterphylotype3FungalStandardDraft	Mormin1_1_AssemblyScaffolds_Repeatmasked
Mortierella multidivaricata RSA2152Tv1.0	Mormul1_AssemblyScaffolds_Repeatmasked
Mortierella sp. nov.GBAus27b-Mollicutes-relatedendobacteria(MRE)phylotype2MetagenomeCo-culture	MorGBAus27b_1_AssemblyScaffolds_Repeatmasked
Mortierella verticillata NRRL6337	Morve1_AssemblyScaffolds_Repeatmasked
Mucor circinelloides CBS277.49v2.0	Mucor_circinelloides_v2_masked_scaffolds
Mucor circinelloides MU402v1.0	Muccir1_3_AssemblyScaffolds_Repeatmasked
Mucor sp. cordense RSA1222v1.0	Kircor1_AssemblyScaffolds_Repeatmasked
Mucor heterogamus NRRL1489v1.0	Zyghet1_AssemblyScaffolds_Repeatmasked
Mucor mucedo NRRL3635v1.0	Mucmuc1_AssemblyScaffolds_Repeatmasked
Multifurca ochricompacta BPL690v1.0	Muloch1_AssemblyScaffolds_Repeatmasked
Myceliophthora heterothallica CBS202.75v1.0	Mychet1_AssemblyScaffolds_Repeatmasked
Myceliophthora similis CBS632.67v1.0	Corsim1_AssemblyScaffolds_Repeatmasked
Myceliophthora thermophila (Sporotrichumthermophile)v2.0	Spoth2_AssemblyScaffolds_Repeatmasked
Mycena albidolilacea CBHHK002v1.0	Mycalb1_AssemblyScaffolds_Repeatmasked
Mycena alexandri CBHHK200v1.0	Mycale1_AssemblyScaffolds_Repeatmasked
Mycena amicta BAPXv1.0	Mycami1_AssemblyScaffolds_Repeatmasked
Mycena belliae CBHHK173mv1.0	Mycbel1_AssemblyScaffolds_Repeatmasked
Mycena capillaripes Frankland 9286v1.0	Mycrub1_AssemblyScaffolds_Repeatmasked
Mycena crocata CBHHK184v1.0	Myccro1_AssemblyScaffolds_Repeatmasked
Mycena epipterygia CBHHK145mv1.0	Mycepi1_AssemblyScaffolds_Repeatmasked
Mycena filopes CBHHK001v1.0	Mycfil1_AssemblyScaffolds_Repeatmasked
Mycena floridula CBHHK072v1.0	Mycflo1_AssemblyScaffolds_Repeatmasked
Mycena galopus ATCC-62051v1.0	Mycgal1_AssemblyScaffolds_Repeatmasked
Mycena haematopus CBHHK189v1.0	Mychae1_AssemblyScaffolds_Repeatmasked
Mycena latifolia 10383v1.0	Myclat1_AssemblyScaffolds_Repeatmasked
Mycena rebaudengoi CBHHK068v1.0	Mycreb1_AssemblyScaffolds_Repeatmasked
Mycena rosella CBHHK067v1.0	Mycros1_AssemblyScaffolds_Repeatmasked
Mycena sanguinolenta CBHHK176mv1.0	Mycsan1_AssemblyScaffolds_Repeatmasked
Mycena sp. CBHHK59/15v1.0	Myc59_1_AssemblyScaffolds_Repeatmasked
Mycena vitilis CBHHK169mv1.0	Mycvit1_AssemblyScaffolds_Repeatmasked
Mycosphaerella graminicola v2.0	Mycosphaerella_graminicola.allmasked
Mycotypha africana NRRL2978v1.0	Mycafr1_AssemblyScaffolds_Repeatmasked
Myriangiaceae sp. NC1570v1.0	Myrian1_AssemblyScaffolds_Repeatmasked
Myriangium duriaei CBS260.36v1.0	Myrdu1_AssemblyScaffolds_Repeatmasked
Mytilinidiaceae sp. NC0267v1.0	Lophiu1_AssemblyScaffolds_Repeatmasked
Myxozyma melibiosi Phaff52-87v1.0	Myxme1_AssemblyScaffolds_Repeatmasked
Nadsonia fulvescens var.elongataDSM6958v1.0	Nadfu1_AssemblyScaffolds_Repeatmasked
Naematelia encephala UCDFST68-887.2v1.0	Treen1_AssemblyScaffolds_Repeatmasked
Naiadella fluitans ATCC64713v1.0	Naifl1_AssemblyScaffolds_Repeatmasked
Nakaseomyces bacillisporus CBS7720	Nakbac1_AssemblyScaffolds_Repeatmasked
Nakaseomyces delphensis CBS2170	Nakdel1_AssemblyScaffolds_Repeatmasked
Nakazawaea wickerhamii NRRLY-2563	Nakwi1_AssemblyScaffolds_Repeatmasked
Nectria haematococca v2.0	Necha2_masked_scaffolds
Nectriopsis sporangiicola NRRL22127v1.0	Necsp1_AssemblyScaffolds_Repeatmasked
Neocallimastix californiae G1v1.0	Neosp1_AssemblyScaffolds_Repeatmasked
Neolecta irregularis DAH-1v1.0	Neoirr1_AssemblyScaffolds_Repeatmasked
Neolentinus lepideus v1.0	Neole1_AssemblyScaffolds_Repeatmasked
Neonectria ditissima R09/05	Neodi1_AssemblyScaffolds_Repeatmasked
Neonectria radicicola MPI-CAGE-AT-0134v1.0	Neora1_AssemblyScaffolds_Repeatmasked
Neurospora crassa FGSC73trp-3v1.0	Neucr_trp3_1_AssemblyScaffolds_Repeatmasked
Neurospora crassa clade BFGSC4830v1.0	Neucr4830_1_AssemblyScaffolds_Repeatmasked
Neurospora discreta FGSC8579matA	Neurospora_discreta.allmasked
Neurospora hispaniola FGSC10403v1.0	Neuhi1_AssemblyScaffolds_Repeatmasked
Neurospora tetrasperma FGSC2509matav1.0	Neurospora_tetrasperma_mata.allmasked
Nia vibrissa CBS119815v1.0	Niavib1_AssemblyScaffolds_Repeatmasked
Obba rivulosa 3A-2v1.0	Obbri1_AssemblyScaffolds_Repeatmasked
Obelidium mucronatum JEL802v1.0	Obemuc1_AssemblyScaffolds_Repeatmasked
Ogataea parapolymorpha DL-1	Ogapa1_AssemblyScaffolds_Repeatmasked
Ogataea polymorpha NCYC495leu1.1v2.0	Hanpo2_AssemblyScaffolds_Repeatmasked
Oidiodendron maius Znv1.0	Oidma1_AssemblyScaffolds_Repeatmasked
Oliveonia pauxilla MPI-PUGE-AT-0066v1.0	Olipa1_AssemblyScaffolds_Repeatmasked
Ophiobolus disseminans CBS113818v1.0	Ophdi1_AssemblyScaffolds_Repeatmasked
Ophiostoma novo-ulmi sub sp. novo-ulmiH327	Ophnu1_AssemblyScaffolds_Repeatmasked
Pachysolen tannophilus NRRLY-2460v1.2	Pacta1_2_AssemblyScaffolds_Repeatmasked
Paecilomyces niveus CO7v1.0	Bysni1_AssemblyScaffolds_Repeatmasked
Paecilomyces variotii CBS101075v1.0	Paevar1_AssemblyScaffolds_Repeatmasked
Paecilomyces variotii CBS144490HYG1v1.0	Paevar_HGY_1_AssemblyScaffolds_Repeatmasked
Panaeolus papilionaceus CIRM-BRFM715v1.0	Panpap1_AssemblyScaffolds_Repeatmasked
Panellus stipticus KUC8834v1.1	Panst_KUC8834_1_1_AssemblyScaffolds_Repeatmasked
Papiliotrema laurentii 5307AHv1.0	Papla1_AssemblyScaffolds_Repeatmasked
Paracoccidioides brasiliensis Pb18	Parbra1_AssemblyScaffolds_Repeatmasked
Paraconiothyrium sporulosum AP3s5-JAC2av1.0	Parsp1_AssemblyScaffolds_Repeatmasked
Paraphoma chrysanthemicola MPI-GEGE-AT-0034v1.0	Parch1_AssemblyScaffolds_Repeatmasked
Paraphysoderma sedebokerense JEL821v1.0	Parsed1_AssemblyScaffolds_Repeatmasked
Patellaria atrata v1.0	Patat1_AssemblyScaffolds_Repeatmasked
Paxillus adelphus Ve08.2h10v2.0	Paxru2_AssemblyScaffolds_Repeatmasked
Paxillus involutus ATCC200175v1.0	Paxin1_AssemblyScaffolds_Repeatmasked
Penicillium antarcticum IBT31811	Penant1_AssemblyScaffolds_Repeatmasked
Penicillium bilaiae ATCC20851v1.0	Penbi1_AssemblyScaffolds_Repeatmasked
Penicillium brevicompactum 1011305v2.0	Penbr2_AssemblyScaffolds_Repeatmasked
Penicillium brevicompactum AgRF18v1.0	PenbrAgRF18_1_AssemblyScaffolds_Repeatmasked
Penicillium canescens ATCC10419v1.0	Penca1_AssemblyScaffolds_Repeatmasked
Penicillium chrysogenum v1.0	Pench1_AssemblyScaffolds_Repeatmasked
Penicillium coprophilum IBT31321	Pencop1_AssemblyScaffolds_Repeatmasked
Penicillium decumbens IBT11843	Pendec1_AssemblyScaffolds_Repeatmasked
Penicillium digitatum Pd1	Pendig1_AssemblyScaffolds_Repeatmasked
Penicillium expansum ATCC24692v1.0	Penex1_AssemblyScaffolds_Repeatmasked
Penicillium expansum d1	Penexp1_AssemblyScaffolds_Repeatmasked
Penicillium fellutanum ATCC48694v1.0	Penfe1_AssemblyScaffolds_Repeatmasked
Penicillium flavigenum IBT14082	Penfla1_AssemblyScaffolds_Repeatmasked
Penicillium glabrum DAOM239074v1.0	Pengl1_AssemblyScaffolds_Repeatmasked
Penicillium griseofulvum PG3	Pengri1_AssemblyScaffolds_Repeatmasked
Penicillium italicum PHI-1	Penita1_AssemblyScaffolds_Repeatmasked
Penicillium janthinellum ATCC10455v1.0	Penja1_AssemblyScaffolds_Repeatmasked
Penicillium lanosocoeruleum ATCC48919v1.0	Penla1_AssemblyScaffolds_Repeatmasked
Penicillium nalgiovense FM193	Pennal1_AssemblyScaffolds_Repeatmasked
Penicillium nordicum DAOMC185683	Pennord1_AssemblyScaffolds_Repeatmasked
Penicillium polonicum IBT4502	Penpol1_AssemblyScaffolds_Repeatmasked
Penicillium raistrickii ATCC10490v1.0	Penra1_AssemblyScaffolds_Repeatmasked
Penicillium solitum IBT29525	Pensol1_AssemblyScaffolds_Repeatmasked
Penicillium solitum IBT30036v1.0	Pensoli1_AssemblyScaffolds_Repeatmasked
Penicillium sp. NC0857v1.0	ThyNC0857_1_AssemblyScaffolds_Repeatmasked
Penicillium steckii IBT24891	Penste1_AssemblyScaffolds_Repeatmasked
Penicillium subrubescens FBCC1632/CBS132785	Pensub1_AssemblyScaffolds_Repeatmasked
Penicillium swiecickii 1826C1v1.0	Penswi1_AssemblyScaffolds_Repeatmasked
Penicillium vulpinum IBT29486	Penvul1_AssemblyScaffolds_Repeatmasked
Peniophora sp. v1.0	Ricme1_AssemblyScaffolds_Repeatmasked
Pestalotiopsis sp. NC0098v1.0	Pestal1_AssemblyScaffolds_Repeatmasked
Peterozyma xylosa NRRLY-12939	Petxy1_AssemblyScaffolds_Repeatmasked
Peziza echinospora DOB1120v1.0	Pezech1_AssemblyScaffolds_Repeatmasked
Phaeoacremonium sp. FL0889v1.0	PhaeoFL0889_1_AssemblyScaffolds_Repeatmasked
Phaeomoniellales sp. NC0930v1.0	ClaNC0930_1_AssemblyScaffolds_Repeatmasked
Phaeosolenia platensis CBS268.64v1.0	Phapla1_AssemblyScaffolds_Repeatmasked
Phaeosphaeria poagena MPI-PUGE-AT-0046cv1.0	Phapo1_AssemblyScaffolds_Repeatmasked
Phanerochaete carnosa HHB-10118-Spv1.0	Phaca1_AssemblyScaffolds_Repeatmasked
Phanerochaete chrysosporium RP-78v2.2	Phchr2_AssemblyScaffolds_Repeatmasked
Phascolomyces articulosus v1.0	Phaart1_AssemblyScaffolds_Repeatmasked
Phellinus ferrugineofuscus SpK3Phefer14v1.0	Phefer1_AssemblyScaffolds_Repeatmasked
Phellinus igniarius CCBS575v1.0	Pheign1_1_AssemblyScaffolds_Repeatmasked
Phellopilus nigrolimitatus SigPhenig9v1.0	Pheni1_AssemblyScaffolds_Repeatmasked
Phialocephala scopiformis 5WS22E1v1.0	Phisc1_AssemblyScaffolds_Repeatmasked
Phialophora attae CBS131958	Phiatt1_AssemblyScaffolds_Repeatmasked
Phlebia brevispora HHB-7030SS6v1.0	Phlbr1_AssemblyScaffolds_Repeatmasked
Phlebia centrifuga FBCC195	Phlcen1_AssemblyScaffolds_Repeatmasked
Phlebia radiata Fr.(isolate79 FBCC0043)	Phlrad1_AssemblyScaffolds_Repeatmasked
Phlebiopsis gigantea v1.0	Phlgi1_AssemblyScaffolds_Repeatmasked
Pholiota alnicola AH47727v1.0	Phoaln1_AssemblyScaffolds_Repeatmasked
Pholiota highlandensis v1.0	Phohig1_AssemblyScaffolds_Repeatmasked
Phoma multirostrata 7av1.0	Phomu1_AssemblyScaffolds_Repeatmasked
Phoma tracheiphila IPT5v1.0	Photr1_AssemblyScaffolds_Repeatmasked
Phycomyces blakesleeanus NRRL1555v2.0	Phycomyces_blakesleeanus_v2_masked_scaffolds
Phycomyces nitens S607v1.0	PnitS607_1_AssemblyScaffolds_Repeatmasked
Phycomyces nitens S608v1.0	PnitS608_1_AssemblyScaffolds_Repeatmasked
Phycomyces nitens S609v1.0	PnitS609_1_AssemblyScaffolds_Repeatmasked
Phyllosticta capitalensis CBS128856v1.0	Phycap1_AssemblyScaffolds_Repeatmasked
Phyllosticta citriasiana CBS120486v1.0	Phycit1_AssemblyScaffolds_Repeatmasked
Phyllosticta citribraziliensis CBS100098v1.0	Phcit1_AssemblyScaffolds_Repeatmasked
Phyllosticta citricarpa CBS127454v1.0	Phycitr1_AssemblyScaffolds_Repeatmasked
Phyllosticta citrichinaensis CBS130529v1.0	Phcitr1_AssemblyScaffolds_Repeatmasked
Phyllosticta paracitricarpa CBS141357v1.0	Phy27169_AssemblyScaffolds_Repeatmasked
Phyllosticta sp. CPC27913v1.0	Phycpc1_AssemblyScaffolds_Repeatmasked
Pichia kudriavzevii CBS573	Pickud1_AssemblyScaffolds_Repeatmasked
Pichia membranifaciens v2.0	Picme2_AssemblyScaffolds_Repeatmasked
Piedraia hortae v1.1	Pieho1_1_AssemblyScaffolds_Repeatmasked
Pilaira anomala RSA1997v1.0	Pilano1_AssemblyScaffolds_Repeatmasked
Pilobolus umbonatus NRRL6349v1.0	Pilumb1_AssemblyScaffolds_Repeatmasked
Piloderma croceum F1598v1.0	Pilcr1_AssemblyScaffolds_Repeatmasked
Piptocephalis cylindrospora RSA2659single-cellv3.0	Pipcy3_1_AssemblyScaffolds_Repeatmasked
Piromyces finnis v3.0	Pirfi3_AssemblyScaffolds_Repeatmasked
Piromyces sp. E2v1.0	PirE2_1_AssemblyScaffolds_Repeatmasked
Pisolithus albus SI12v1.0	Pisalb1_AssemblyScaffolds_Repeatmasked
Pisolithus croceorrhizus s sp. 272v1.0	Pisthe227_1_AssemblyScaffolds_Repeatmasked
Pisolithus croceorrhizus sub spA74Av1.0	Piscro1_AssemblyScaffolds_Repeatmasked
Pisolithus marmoratus ssp. 216Av1.0	Pismar1_AssemblyScaffolds_Repeatmasked
Pisolithus microcarpus 441v1.0	Pismi1_AssemblyScaffolds_Repeatmasked
Pisolithus sp. thermaeus 11v1.0	Pisthe1_AssemblyScaffolds_Repeatmasked
Pisolithus tinctorius Marx270v1.0	Pisti1_AssemblyScaffolds_Repeatmasked
Plectosphaerella cucumerina RP01v1.0	Plecuc1_AssemblyScaffolds_Repeatmasked
Pleomassaria siparia v1.0	Plesi1_AssemblyScaffolds_Repeatmasked
Pleospora avicenniae ATCC66911v1.0	Pleav1_AssemblyScaffolds_Repeatmasked
Pleurotus ostreatus PC15v2.0	PleosPC15_2_Assembly_scaffolds_repeatmasked
Pleurotus ostreatus PC9v1.0	PleosPC9_1_assembly_scaffolds_repeatmasked
Plicaturopsis crispa v1.0	Plicr1_AssemblyScaffolds_Repeatmasked
Pochonia chlamydosporia 170	Pocchl1_AssemblyScaffolds_Repeatmasked
Podospora anserina Smat+	Podan3_AssemblyScaffolds_Repeatmasked
Podospora anserina mat +v1.0	Podans1_AssemblyScaffolds_Repeatmasked
Podospora appendiculata CBS314.62v1.0	Podap1_AssemblyScaffolds_Repeatmasked
Podospora didyma CBS232.78v1.0	Poddi1_AssemblyScaffolds_Repeatmasked
Polychaeton citri v1.0	Polci1_AssemblyScaffolds_Repeatmasked
Polyplosphaeria fusca CBS125425v1.0	Polfu1_AssemblyScaffolds_Repeatmasked
Polyporus arcularius v1.0	Polar1_AssemblyScaffolds_Repeatmasked
Polyporus squamosus CCBS676v1.0	Polsqu1_AssemblyScaffolds_Repeatmasked
Porpomyces mucidus OMC1666v1.0	Pormuc1_AssemblyScaffolds_Repeatmasked
Postia placenta MAD698-Rv1.0	Postia_placenta.allmasked
Postia placenta MAD-698-R-SB12v1.0	PosplRSB12_1_AssemblyScaffolds_Repeatmasked
Postia stiptica OMC1664v1.0	Possti1_AssemblyScaffolds_Repeatmasked
Powellomyces hirtus BR81v1.0	Powhir1_AssemblyScaffolds_Repeatmasked
Protomyces lactucaedebilis 12-1054v1.0	Prola1_AssemblyScaffolds_Repeatmasked
Pseudocercospora fijiensis v2.0	Mycosphaerella_fijiensis_v2.allmasked
Pseudogymnoascus destructans 20631-21	Pseudest1_AssemblyScaffolds_Repeatmasked
Pseudomassariella vexata CBS129021v1.0	Pseve2_AssemblyScaffolds_Repeatmasked
Pseudovirgaria hyperparasitica CBS121739v1.0	Psehy1_AssemblyScaffolds_Repeatmasked
Psilocybe cubensis v1.0	Psicub1_1_AssemblyScaffolds_Repeatmasked
Psilocybe serbica v1.0	Psiser1_AssemblyScaffolds_Repeatmasked
Puccinia coronata avenae 12NC29	PuccoNC29_1_AssemblyScaffolds_Repeatmasked
Puccinia coronata avenae 12SD80	PuccoSD80_1_AssemblyScaffolds_Repeatmasked
Puccinia striiformis f .sp. tritici104E137A-	Pucstr1_AssemblyScaffolds_Repeatmasked
Puccinia striiformis f .sp. triticiPST-78v1.0	Pucst_PST78_1_AssemblyScaffolds_Repeatmasked
Punctularia strigosozonata v1.0	Punst1_AssemblyScaffolds_Repeatmasked
Purpureocillium sp. UdeA0106v1.0	Pursp1_AssemblyScaffolds_Repeatmasked
Pycnoporus cinnabarinus BRFM137	Pycci1_AssemblyScaffolds_Repeatmasked
Pycnoporus cinnabarinus CIRM-BRFM50v1.0	Pyccin1_AssemblyScaffolds_Repeatmasked
Pycnoporus coccineus BRFM310v1.0	Pycco1_AssemblyScaffolds_Repeatmasked
Pycnoporus coccineus CIRM1662	Pycco1662_1_AssemblyScaffolds_Repeatmasked
Pycnoporus sanguineus BRFM1264v1.0	Pycsa1_AssemblyScaffolds_Repeatmasked
Pyrenochaeta lycopersici MPI-SDFR-AT-0127v1.0	Pyrly1_AssemblyScaffolds_Repeatmasked
Pyrenochaeta sp. DS3sAY3av1.0	Pyrsp1_AssemblyScaffolds_Repeatmasked
Pyronema domesticum DOB7353v1.0	Pyrdom1_AssemblyScaffolds_Repeatmasked
Pyronema omphalodes DOB1672v1.0	Pyrom1_AssemblyScaffolds_Repeatmasked
Radiomyces spectabilis NRRL2753v1.0	Radspe1_AssemblyScaffolds_Repeatmasked
Radulomyces confluens OMC1631v1.0	Radcon1_AssemblyScaffolds_Repeatmasked
Ramaria rubella (R.acris)UT-36052-Tv1.0	Ramac1_AssemblyScaffolds_Repeatmasked
Ramicandelaber brevisporus CBS109374v1.0	Rambr1_AssemblyScaffolds_Repeatmasked
Rhamphospora nymphaeae CBS172.38v1.0	Rhanym2_1_AssemblyScaffolds_Repeatmasked
Rhexocercosporidium sp. MPI-PUGE-AT-0058v1.0	Rhesp1_AssemblyScaffolds_Repeatmasked
Rhizoclosmatium globosum JEL800v1.0	Rhihy1_AssemblyScaffolds_Repeatmasked
Rhizophagus irregularis DAOM181602v1.0	Gloin1_AssemblyScaffolds_Repeatmasked
Rhizopogon salebrosus TDB-379v1.0	Rhisa1_AssemblyScaffolds_Repeatmasked
Rhizopogon truncatus FC74v1.0	Rhitru1_AssemblyScaffolds_Repeatmasked
Rhizopogon vesiculosus Smith	Rhives1_AssemblyScaffolds_Repeatmasked
Rhizopogon vinicolor AM-OR11-026v1.0	Rhivi1_AssemblyScaffolds_Repeatmasked
Rhizopogon vulgaris FC72v1.0	Rhivul1_AssemblyScaffolds_Repeatmasked
Rhizopus microsporus ATCC11559v1.0	Rhimi_ATCC11559_1_AssemblyScaffolds_Repeatmasked
Rhizopus microsporus var.microsporusATCC52813v1.0	Rhimi1_1_AssemblyScaffolds_Repeatmasked
Rhizopus microsporus var.microsporusATCC52814v1.0	Rhimi_ATCC52814_1_AssemblyScaffolds_Repeatmasked
Rhizoscyphus ericae UAMH7357v1.0	Rhier1_AssemblyScaffolds_Repeatmasked
Rhodocollybia butyracea CCBAS279v1.0	Rhobu1_AssemblyScaffolds_Repeatmasked
Rhodofomes roseus CIRM-BRFM1785v1.0	Fomros1_AssemblyScaffolds_Repeatmasked
Rhodosporidium diobovatum 08-225v1.0	Rhodia1_1_AssemblyScaffolds_Repeatmasked
Rhodosporidium toruloides ATCC26217v1.0	4958840-Rhoto_ATCC26217_1_AssemblyScaffolds_Repeatmasked
Rhodosporidium toruloides ATCC26217v1.0	4958975-Rhoto_ATCC26217_1_AssemblyScaffolds_Repeatmasked
Rhodosporidium toruloides IFO0880v4.0	Rhoto_IFO0880_4_AssemblyScaffolds_Repeatmasked
Rhodotorula glutinis v1.0	4958573-Rhoglu1_AssemblyScaffolds_Repeatmasked
Rhodotorula glutinis v1.0	4958916-Rhoglu1_AssemblyScaffolds_Repeatmasked
Rhodotorula graminis strain WP1v1.1	Rhoba1_1_AssemblyScaffolds_Repeatmasked
Rhodotorula mucilaginosa ATCC58901v1.0	4958860-Rhomuc1_AssemblyScaffolds_Repeatmasked
Rhodotorula mucilaginosa ATCC58901v1.0	4959058-Rhomuc1_AssemblyScaffolds_Repeatmasked
Rhodotorula sp. J31v1.0	4958876-RhodotJ31_1_AssemblyScaffolds_Repeatmasked
Rhodotorula sp. J31v1.0	4959082-RhodotJ31_1_AssemblyScaffolds_Repeatmasked
Rhodotorula sp. JG-1b	Rhosp1_AssemblyScaffolds_Repeatmasked
Rigidoporus microporus ED310v1.0	Rigmic1_AssemblyScaffolds_Repeatmasked
Roridomyces roridus 9284v1.0	Rorror1_AssemblyScaffolds_Repeatmasked
Rozella allomycis CSF55single-cellv1.0	Rozal_SC1_AssemblyScaffolds_Repeatmasked
Russula brevipes BPL707v1.0	Rusbre1_AssemblyScaffolds_Repeatmasked
Russula compacta BPL669v1.0	Ruscom1_AssemblyScaffolds_Repeatmasked
Russula dissimulans BPL704v1.0	Rusdis1_AssemblyScaffolds_Repeatmasked
Russula ochroleuca Prilbav1.0	Rusoch1_AssemblyScaffolds_Repeatmasked
Russula rugulosa BPL654v1.0	Rusrug1_AssemblyScaffolds_Repeatmasked
Russula seminuda PSC4341-TAS1v1.0	Russem1_AssemblyScaffolds_Repeatmasked
Russula vinacea BPL710v1.0	Rusvin1_AssemblyScaffolds_Repeatmasked
Saccharata proteae CBS121410v1.0	Sacpr1_AssemblyScaffolds_Repeatmasked
Saccharomyces cerevisiae M3707Dikaryon	SacceM3707_1_AssemblyScaffolds_Repeatmasked
Saccharomyces cerevisiae M3836v1.0	SacceM3836_1_AssemblyScaffolds_Repeatmasked
Saccharomyces cerevisiae M3837v1.0	SacceM3837_1_AssemblyScaffolds_Repeatmasked
Saccharomyces cerevisiae M3838v1.0	SacceM3838_1_AssemblyScaffolds_Repeatmasked
Saccharomyces cerevisiae M3839v1.0	SacceM3839_1_AssemblyScaffolds_Repeatmasked
Saccharomyces cerevisiae YB210v1.0	SacceYB210_1_AssemblyScaffolds_Repeatmasked
Saccharomycopsis capsularis NRRLY-17639	Sacca1_AssemblyScaffolds_Repeatmasked
Saitoella complicata NRRLY-17804v1.0	Saico1_AssemblyScaffolds_Repeatmasked
Saksenaea vasiformis B4078	Sakvas1_AssemblyScaffolds_Repeatmasked
Saturnispora dispora NRRLY-1447	Satdi1_AssemblyScaffolds_Repeatmasked
Scheffersomyces stipitis NRRLY-11545v2.0	pichia.allmasked
Schizophyllum commune 207.1v1.0	Schco2071_1_AssemblyScaffolds_Repeatmasked
Schizophyllum commune 223.1v1.0	Schco2231_1_AssemblyScaffolds_Repeatmasked
Schizophyllum commune 225.1v1.0	Schco2251_1_AssemblyScaffolds_Repeatmasked
Schizophyllum commune 227.1v1.0	Schco2271_1_AssemblyScaffolds_Repeatmasked
Schizophyllum commune 227.2v1.0	Schco2272_1_AssemblyScaffolds_Repeatmasked
Schizophyllum commune H4-8v3.0	Schco3_AssemblyScaffolds_Repeatmasked
Schizophyllum commune LoenenDv1.0	Schco_LoeD_1_AssemblyScaffolds_Repeatmasked
Schizophyllum commune TattoneDv1.0	Schco_TatD_1_AssemblyScaffolds_Repeatmasked
Schizopora paradoxa KUC8140v1.0	Schpa1_AssemblyScaffolds_Repeatmasked
Schizothecium vesticola SMH3187-1v1.0	Schves1_AssemblyScaffolds_Repeatmasked
Scleroderma citrinum FougAv1.0	Sclci1_AssemblyScaffolds_Repeatmasked
Sclerophora sanguinea CBS100924v1.0	Sclsan1_AssemblyScaffolds_Repeatmasked
Sebacina vermifera MAFF305830v1.0	Sebve1_AssemblyScaffolds_Repeatmasked
Septoria musiva SO2202v1.0	Sepmu1_AssemblyScaffolds_Repeatmasked
Serendipita sp. 407v1.0	Serend1_AssemblyScaffolds_Repeatmasked
Serpula himantioides lacrymansvarshastensis MUCL38935v1.0	Serla_varsha1_AssemblyScaffolds_Repeatmasked
Serpula lacrymans S7.3v2.0	Serpula_lacrymans_S7_3_v2.masked
Serpula lacrymans S7.9v2.0	SerlaS7_9_2_AssemblyScaffolds_Repeatmasked
Setosphaeria turcica Et28Av2.0	Settu3_AssemblyScaffolds_Repeatmasked
Setosphaeria turcica NY001v2.0	Settur3_AssemblyScaffolds_Repeatmasked
Sistotrema raduloides OMC1660v1.0	Sisrad1_AssemblyScaffolds_Repeatmasked
Sistotremastrum niveocremeum HHB9708ss-11.0	Sisni1_AssemblyScaffolds_Repeatmasked
Sistotremastrum suecicum v1.0	Sissu1_AssemblyScaffolds_Repeatmasked
Slooffia pilati i Y-17178v1.0	Slopil1_AssemblyScaffolds_Repeatmasked
Smittium culicis GSMNP	SmicuMNP_2_AssemblyScaffolds_Repeatmasked
Smittium culicis ID-206-W2	SmiculW2_1_AssemblyScaffolds_Repeatmasked
Smittium mucronatum ALG-7-W6	Smimuc2_AssemblyScaffolds_Repeatmasked
Sodiomyces alkalinus v1.0	Sodal1_AssemblyScaffolds_Repeatmasked
Sordaria brevicollis FGSC1904v1.0	Sorbr1_AssemblyScaffolds_Repeatmasked
Sparassis latifolia CCMJ1100v1.0	Spalat1_AssemblyScaffolds_Repeatmasked
Spathaspora passalidarum NRRLY-27907v2.0	Spapa3_masked_genomic_scaffolds
Sphaerobolus stellatus v1.0	Sphst1_AssemblyScaffolds_Repeatmasked
Spinellus fusiger NRRL22323v1.0	Spifus1_AssemblyScaffolds_Repeatmasked
Sporobolomyces gracilis NRRLY-5504v1.0	Spogra1_1_AssemblyScaffolds_Repeatmasked
Sporobolomyces linderae CBS7893v1.0	Spoli1_AssemblyScaffolds_Repeatmasked
Sporobolomyces roseus v1.0	Sporobolomyces_roseus.allmasked
Sporodiniella umbellata MES1446v1.0	Spoumb1_AssemblyScaffolds_Repeatmasked
Sporormia fimetaria v1.0	Spofi1_AssemblyScaffolds_Repeatmasked
Stachybotrys elegans MPI-CAGE-CH-0235v1.0	Stael1_AssemblyScaffolds_Repeatmasked
Stagonospora sp. SRC1lsM3av1.0	Stasp1_AssemblyScaffolds_Repeatmasked
Stemphylium lycopersici CIDEFI-216	Stely1_AssemblyScaffolds_Repeatmasked
Stereum hirsutum FP-91666SS1v1.0	Stehi1_AssemblyScaffolds_Repeatmasked
Stomiopeltis betulae CBS114420v1.0	Stobe1_AssemblyScaffolds_Repeatmasked
Suillus ampliporus FC55v1.0	Suiamp1_AssemblyScaffolds_Repeatmasked
Suillus bovinus UH-Sbo-P2v1.0	Suibov1_AssemblyScaffolds_Repeatmasked
Suillus brevipes Sb2v2.0	Suibr2_AssemblyScaffolds_Repeatmasked
Suillus clintonianus FC179v1.0	Suicli1_AssemblyScaffolds_Repeatmasked
Suillus cothurnatus VC1858v1.0	Suicot1_AssemblyScaffolds_Repeatmasked
Suillus lakei FC43v1.0	Suilak1_AssemblyScaffolds_Repeatmasked
Suillus luteus UH-Slu-Lm8-n1v3.0	Suilu4_AssemblyScaffolds_Repeatmasked
Suillus occidentalis FC124v1.0	Suiocc1_AssemblyScaffolds_Repeatmasked
Suillus paluster FC165v1.0	Suipal1_AssemblyScaffolds_Repeatmasked
Suillus placidus DOB743v1.0	Suipla1_AssemblyScaffolds_Repeatmasked
Suillus subalutaceus FC151v1.0	Suisu1_AssemblyScaffolds_Repeatmasked
Suillus subaureus MN1v1.0	Suisub1_AssemblyScaffolds_Repeatmasked
Suillus tomentosus FC115v1.0	Suitom1_AssemblyScaffolds_Repeatmasked
Suillus variegatus UH-Sva-Z1v1.0	Suivar1_AssemblyScaffolds_Repeatmasked
Symbiotaphrina kochii v1.0	Symko1_AssemblyScaffolds_Repeatmasked
Syncephalastrum racemosum NRRL2496v1.0	Synrac1_AssemblyScaffolds_Repeatmasked
Syncephalis fuscata S228v1.0	Synfus1_AssemblyScaffolds_Repeatmasked
Syncephalis plumigaleata NRRLS24v1.0	Synplu1_AssemblyScaffolds_Repeatmasked
Syncephalis pseudoplumigaleata BennyS71-1single-cellv1.0	Synps1_AssemblyScaffolds_Repeatmasked
Talaromyces aculeatus ATCC10409v1.0	Penac1_AssemblyScaffolds_Repeatmasked
Talaromyces borbonicus CBS141340	Talabor1_AssemblyScaffolds_Repeatmasked
Talaromyces proteolyticus PMI_201v1.0	Talpro1_AssemblyScaffolds_Repeatmasked
Taphrina populi-salicis CBS419.54v1.0	Tappo1_AssemblyScaffolds_Repeatmasked
Teichospora sp. FL1471v1.0	Currey1_AssemblyScaffolds_Repeatmasked
Teratosphaeria nubilosa CBS116005v1.0	Ternu1_AssemblyScaffolds_Repeatmasked
Terfezia claveryi T7v1.0	Tercla1_AssemblyScaffolds_Repeatmasked
Thamnocephalis sphaerospora RSA1356single-cellv1.0	Thasp1_AssemblyScaffolds_Repeatmasked
Thanatephorus cucumeris MPI-SDFR-AT-0096v1.0	Thacu1_AssemblyScaffolds_Repeatmasked
Thelephora terrestris UH-Tt-Lm1v1.0	Theter1_AssemblyScaffolds_Repeatmasked
Thermoascus aurantiacus v1.0	Theau1_AssemblyScaffolds_Repeatmasked
Thermomyces lanuginosus SSBP	Thelan1_AssemblyScaffolds_Repeatmasked
Thielavia antarctica CBS123565v1.0	Thian1_AssemblyScaffolds_Repeatmasked
Thielavia appendiculata CBS731.68v1.0	Thiap1_AssemblyScaffolds_Repeatmasked
Thielavia arenaria CBS508.74v1.0	Thiar1_AssemblyScaffolds_Repeatmasked
Thielavia hyrcaniae CBS757.83v1.0	Thihy1_AssemblyScaffolds_Repeatmasked
Thielavia terrestris v2.0	Thite2_AssemblyScaffolds_Repeatmasked
Thozetella sp. PMI_491v2.0	ThoPMI491_1_AssemblyScaffolds_Repeatmasked
Tilletiaria anomala UBC951v1.0	Tilan2_AssemblyScaffolds_Repeatmasked
Tilletiopsis sp. TKC30v1.0	Tillet1_AssemblyScaffolds_Repeatmasked
Tirmania nivea G3v1.0	Tirniv1_AssemblyScaffolds_Repeatmasked
Tolypocladium inflatum NRRL8044	Tolinf1_AssemblyScaffolds_Repeatmasked
Tortispora caseinolytica Y-17796v1.0	Canca1_AssemblyScaffolds_Repeatmasked
Tothia fuscella CBS130266v1.0	Totfu1_AssemblyScaffolds_Repeatmasked
Trametes betulina CIRM-BRFM1801v1.0	Trabet1_AssemblyScaffolds_Repeatmasked
Trametes gibbosa CIRM-BRFM1770v1.0	Tragib1_AssemblyScaffolds_Repeatmasked
Trametes ljubarskyi CIRM1659v1.0	Tralj1_AssemblyScaffolds_Repeatmasked
Trametes maxima CIRM-BRFM1813v1.0	Tramax1_AssemblyScaffolds_Repeatmasked
Trametes meyenii CIRM-BRFM1810v1.0	Tramey1_AssemblyScaffolds_Repeatmasked
Trametes polyzona CIRM-BRFM1798v1.0	Trapol1_AssemblyScaffolds_Repeatmasked
Trametes pubescens FBCC735	Trapub1_AssemblyScaffolds_Repeatmasked
Trametes versicolor v1.0	Trave1_AssemblyScaffolds_Repeatmasked
Trematosphaeria pertusa CBS122368v1.0	Trepe1_AssemblyScaffolds_Repeatmasked
Tremella mesenterica Friesv1.0	Treme1_masked_genomic_scaffolds
Trichaptum abietinum v1.0	Triab1_1_AssemblyScaffolds_Repeatmasked
Tricharina praecox DOB2270v1.0	Tripra1_AssemblyScaffolds_Repeatmasked
Trichoderma arundinaceum IBT40837	Triaru1_AssemblyScaffolds_Repeatmasked
Trichoderma asperellum CBS433.97v1.0	Trias1_AssemblyScaffolds_Repeatmasked
Trichoderma atrobrunneum ITEM908	Triatrob1_AssemblyScaffolds_Repeatmasked
Trichoderma atroviride B10v1.0	Triatr1_AssemblyScaffolds_Repeatmasked
Trichoderma atroviride F7v1.0	Triatro1_AssemblyScaffolds_Repeatmasked
Trichoderma atroviride P1v1.0	Triatrov1_AssemblyScaffolds_Repeatmasked
Trichoderma atroviride v2.0	Trichoderma_atroviride_v2.allmasked
Trichoderma citrinoviride TUCIM6016v4.0	Trici4_AssemblyScaffolds_Repeatmasked
Trichoderma gamsii T6085	Trigam1_AssemblyScaffolds_Repeatmasked
Trichoderma guizhouense NJAU4742	Trigui1_AssemblyScaffolds_Repeatmasked
Trichoderma hamatum GD12	Triham1_AssemblyScaffolds_Repeatmasked
Trichoderma harzianum CBS226.95v1.0	Triha1_AssemblyScaffolds_Repeatmasked
Trichoderma harzianum M10v1.0	TriharM10_1_AssemblyScaffolds_Repeatmasked
Trichoderma harzianum T22v1.0	TriharT22_1_AssemblyScaffolds_Repeatmasked
Trichoderma longibrachiatum ATCC18648v3.0	Trilo3_AssemblyScaffolds_Repeatmasked
Trichoderma longibrachiatum MK1v1.0	Trilon1_AssemblyScaffolds_Repeatmasked
Trichoderma parareesei CBS125925	Tripar1_AssemblyScaffolds_Repeatmasked
Trichoderma pleuroti TPhu1	Triple1_AssemblyScaffolds_Repeatmasked
Trichoderma reesei RUTC-30v1.0	TrireRUTC30_1_AssemblyScaffolds_Repeatmasked
Trichoderma reesei v2.0	Trichoderma_reeseiV2.allmasked
Trichoderma virens Gv29-8v2.0	Trichoderma_virens_v2.allmasked
Tricholoma matsutake 945v3.0	Trima3_AssemblyScaffolds_Repeatmasked
Trichophaea hybrida UTF0779v1.0	Trihyb1_AssemblyScaffolds_Repeatmasked
Trichosporon asahii var.asahiiCBS2479	Trias2479_AssemblyScaffolds_Repeatmasked
Trichosporon asahii var.asahiiCBS8904	Trias8904_AssemblyScaffolds_Repeatmasked
Trichosporon oleaginosus IBC0246v1.0	Triol1_AssemblyScaffolds_Repeatmasked
Triparticalcar arcticum BR59v1.0	Triarc1_AssemblyScaffolds_Repeatmasked
Tritirachium sp. CBS265.96v1.0	Trisp1_AssemblyScaffolds_Repeatmasked
Truncatella angustata MPI-SDFR-AT-0073v1.0	Truan1_AssemblyScaffolds_Repeatmasked
Trypethelium eluteriae v1.0	Tryvi1_AssemblyScaffolds_Repeatmasked
Tuber magnatum v1.0	Tubma1_AssemblyScaffolds_Repeatmasked
Tulasnella calospora AL13/4Dv1.0	Tulca1_AssemblyScaffolds_Repeatmasked
Tulasnella calospora UAMH9824v1.0	Tulcal1_AssemblyScaffolds_Repeatmasked
Umbelopsis isabellina AD026v1.0	Umbisa1_AssemblyScaffolds_Repeatmasked
Umbelopsis ramanniana AG#v1.0	Umbra1_AssemblyScaffolds_Repeatmasked
Umbelopsis sp. nov.AD052-PiptocephalistieghemianaRSA1565Co-culture	Piptie1_AssemblyScaffolds_Repeatmasked
Umbelopsis sp. nov.AD052v1.0	Umbsp_AD052_1_AssemblyScaffolds_Repeatmasked
Urocystis occulta CBS102.71v1.0	Uroocc1_AssemblyScaffolds_Repeatmasked
Urocystis primulicola RUB030670v1.0	Uropr1_AssemblyScaffolds_Repeatmasked
Ustilaginoidea virens	Ustvir1_AssemblyScaffolds_Repeatmasked
Ustilago hordei Uh4857_4	Usthor1_AssemblyScaffolds_Repeatmasked
Ustilago maydis 521v2.0	Ustma2_2_AssemblyScaffolds_Repeatmasked
Valsariales sp. FL0756v1.0	DelFL0756_1_AssemblyScaffolds_Repeatmasked
Veluticeps abietina OMC1657v1.0	Velabi1_AssemblyScaffolds_Repeatmasked
Verruconis gallopava	Verga1_AssemblyScaffolds_Repeatmasked
Verruculina enalia CBS304.66v1.0	Veren1_AssemblyScaffolds_Repeatmasked
Verticillium dahliae MPI-CAGE-AT-0001v1.0	Verdah1_AssemblyScaffolds_Repeatmasked
Vuilleminia comedens VcCUCC2015_SSI3v1.0	Vuico1_AssemblyScaffolds_Repeatmasked
Vuilleminia comedens VcCUCC2015_SSI6v1.0	Vuicom1_AssemblyScaffolds_Repeatmasked
Wallemia mellicola v1.0	Walse1_AssemblyScaffolds_Repeatmasked
Westerdykella ornata CBS379.55v1.0	Wesor1_AssemblyScaffolds_Repeatmasked
Wickerhamiella domercqiae NRRLY-6692v1.0	Wicdo1_AssemblyScaffolds_Repeatmasked
Wickerhamomyces anomalus NRRLY-366-8v1.0	Wican1_AssemblyScaffolds_Repeatmasked
Wilcoxina mikolae CBS423.85v1.0	Wilmi1_AssemblyScaffolds_Repeatmasked
Wolfiporia cocos MD-104SS10v1.0	Wolco1_AssemblyScaffolds_Repeatmasked
Xylaria flabelliformis NC1011v1.0	Xylcub1_AssemblyScaffolds_Repeatmasked
Xylariales sp. AK1849v1.0	Plecto1_AssemblyScaffolds_Repeatmasked
Xylariales sp. PMI_506v1.0	XylPMI506_AssemblyScaffolds_Repeatmasked
Xylona heveae TC161v1.0	Xylhe1_AssemblyScaffolds_Repeatmasked
Yarrowia lipolytica FKP355v1.0	Yarlip1_AssemblyScaffolds_Repeatmasked
Yarrowia lipolytica YB392v1.0	YarliYB392_AssemblyScaffolds_Repeatmasked
Yarrowia lipolytica YB419v1.0	YarliYB419_AssemblyScaffolds_Repeatmasked
Yarrowia lipolytica YB420v1.0	YarliYB420_AssemblyScaffolds_Repeatmasked
Yarrowia lipolytica YB566v1.0	YarliYB566_AssemblyScaffolds_Repeatmasked
Yarrowia lipolytica YB567v1.0	YarliYB567_AssemblyScaffolds_Repeatmasked
Zalerion varium MPI-CAGE-AT-0135v1.0	Zalva1_AssemblyScaffolds_Repeatmasked
Zancudomyces culisetae COL-18-3	Zancul2_AssemblyScaffolds_Repeatmasked
Zasmidium cellare ATCC36951v1.0	Zasce1_AssemblyScaffolds_Repeatmasked
Zoophthora radicans ATCC208865v1.0	Zoorad1_AssemblyScaffolds_Repeatmasked
Zopfia rhizophila v1.0	Zoprh1_AssemblyScaffolds_Repeatmasked
Zychaea mexicana RSA1403v1.0	Zycmex1_AssemblyScaffolds_Repeatmasked
Zymoseptoria brevis Zb18110	Zymbr1_AssemblyScaffolds_Repeatmasked
